HITId,HITTypeId,Title,Description,Keywords,Reward,CreationTime,MaxAssignments,RequesterAnnotation,AssignmentDurationInSeconds,AutoApprovalDelayInSeconds,Expiration,NumberOfSimilarHITs,LifetimeInSeconds,AssignmentId,WorkerId,AssignmentStatus,AcceptTime,SubmitTime,AutoApprovalTime,ApprovalTime,RejectionTime,RequesterFeedback,WorkTimeInSeconds,LifetimeApprovalRate,Last30DaysApprovalRate,Last7DaysApprovalRate,Answer.surveycode,Approve,Reject,
3PR3LXCWSHR7LIK9P7647IV0ETI9XS,3D9FS1R54K7W66JIVXP45CG3ONJ31L,Artwork Image Annotation,Annotating objects of famous artworks,"segmentation, annotation, image, polygon",$0.10,Thu Jul 25 02:02:20 PDT 2019,20,BatchId:3715392;OriginalHitTemplateId:920937340;,1800,259200,Thu Aug 01 02:02:20 PDT 2019,,,31QTRG6Q2W5J0UOJ1UT506XDCWNYP5,A2M3QMJC99DERS,Approved,Thu Jul 25 10:58:46 PDT 2019,Thu Jul 25 11:18:23 PDT 2019,Sun Jul 28 11:18:23 PDT 2019,Sun Jul 28 11:19:01 PDT 2019,,,1177,100% (4/4),100% (4/4),100% (4/4),ZCgDVlkp14,,,14
3PR3LXCWSHR7LIK9P7647IV0ETI9XS,3D9FS1R54K7W66JIVXP45CG3ONJ31L,Artwork Image Annotation,Annotating objects of famous artworks,"segmentation, annotation, image, polygon",$0.10,Thu Jul 25 02:02:20 PDT 2019,20,BatchId:3715392;OriginalHitTemplateId:920937340;,1800,259200,Thu Aug 01 02:02:20 PDT 2019,,,33PPO7FECY7OLX6OS3G7EOM08SVDI5,A2E9KS4RK6T8CW,Approved,Thu Jul 25 02:23:42 PDT 2019,Thu Jul 25 02:23:52 PDT 2019,Sun Jul 28 02:23:52 PDT 2019,Sun Jul 28 02:24:02 PDT 2019,,,10,100% (3/3),100% (3/3),100% (3/3),ZCgDVlkp6,,,6
3PR3LXCWSHR7LIK9P7647IV0ETI9XS,3D9FS1R54K7W66JIVXP45CG3ONJ31L,Artwork Image Annotation,Annotating objects of famous artworks,"segmentation, annotation, image, polygon",$0.10,Thu Jul 25 02:02:20 PDT 2019,20,BatchId:3715392;OriginalHitTemplateId:920937340;,1800,259200,Thu Aug 01 02:02:20 PDT 2019,,,34Z02EIMIV5KVRL5A3RGDO4QPLC0TS,A275STSZHFODG6,Approved,Thu Jul 25 05:24:30 PDT 2019,Thu Jul 25 05:24:33 PDT 2019,Sun Jul 28 05:24:33 PDT 2019,Sun Jul 28 05:25:01 PDT 2019,,,3,100% (8/8),100% (8/8),100% (8/8),327,,,
3PR3LXCWSHR7LIK9P7647IV0ETI9XS,3D9FS1R54K7W66JIVXP45CG3ONJ31L,Artwork Image Annotation,Annotating objects of famous artworks,"segmentation, annotation, image, polygon",$0.10,Thu Jul 25 02:02:20 PDT 2019,20,BatchId:3715392;OriginalHitTemplateId:920937340;,1800,259200,Thu Aug 01 02:02:20 PDT 2019,,,37UQDCYH60NDQUPE0XC4TL2YULE7VX,AOV97Z3YMKLAQ,Approved,Thu Jul 25 10:53:13 PDT 2019,Thu Jul 25 11:06:05 PDT 2019,Sun Jul 28 11:06:05 PDT 2019,Sun Jul 28 11:07:01 PDT 2019,,,772,100% (5/5),100% (5/5),100% (5/5),ZCgDVlkp6,,,6
3PR3LXCWSHR7LIK9P7647IV0ETI9XS,3D9FS1R54K7W66JIVXP45CG3ONJ31L,Artwork Image Annotation,Annotating objects of famous artworks,"segmentation, annotation, image, polygon",$0.10,Thu Jul 25 02:02:20 PDT 2019,20,BatchId:3715392;OriginalHitTemplateId:920937340;,1800,259200,Thu Aug 01 02:02:20 PDT 2019,,,3A1PQ49WVK9UX7FS6SERDAKCJK41H5,A10EHIYN2UO2BC,Approved,Thu Jul 25 10:55:38 PDT 2019,Thu Jul 25 10:55:48 PDT 2019,Sun Jul 28 10:55:48 PDT 2019,Sun Jul 28 10:56:01 PDT 2019,,,10,100% (3/3),100% (3/3),100% (3/3),A10EHIYN2UO2BC,,,
3PR3LXCWSHR7LIK9P7647IV0ETI9XS,3D9FS1R54K7W66JIVXP45CG3ONJ31L,Artwork Image Annotation,Annotating objects of famous artworks,"segmentation, annotation, image, polygon",$0.10,Thu Jul 25 02:02:20 PDT 2019,20,BatchId:3715392;OriginalHitTemplateId:920937340;,1800,259200,Thu Aug 01 02:02:20 PDT 2019,,,3DEL4X4EL9DO93QANL3MUJJGEV1XYX,A1SCA9REYZD5W2,Approved,Thu Jul 25 11:17:21 PDT 2019,Thu Jul 25 11:28:02 PDT 2019,Sun Jul 28 11:28:02 PDT 2019,Sun Jul 28 11:29:01 PDT 2019,,,641,100% (1/1),100% (1/1),100% (1/1),ZCgDVlkp5,,,5
3PR3LXCWSHR7LIK9P7647IV0ETI9XS,3D9FS1R54K7W66JIVXP45CG3ONJ31L,Artwork Image Annotation,Annotating objects of famous artworks,"segmentation, annotation, image, polygon",$0.10,Thu Jul 25 02:02:20 PDT 2019,20,BatchId:3715392;OriginalHitTemplateId:920937340;,1800,259200,Thu Aug 01 02:02:20 PDT 2019,,,3E337GFOLC0JBIR6R9U7PHLE7KIGND,A1IYWC3KVWMTYW,Approved,Thu Jul 25 06:17:57 PDT 2019,Thu Jul 25 06:18:25 PDT 2019,Sun Jul 28 06:18:25 PDT 2019,Sun Jul 28 06:19:01 PDT 2019,,,28,100% (8/8),100% (8/8),100% (8/8),zcgdvlkp7,,,7
3PR3LXCWSHR7LIK9P7647IV0ETI9XS,3D9FS1R54K7W66JIVXP45CG3ONJ31L,Artwork Image Annotation,Annotating objects of famous artworks,"segmentation, annotation, image, polygon",$0.10,Thu Jul 25 02:02:20 PDT 2019,20,BatchId:3715392;OriginalHitTemplateId:920937340;,1800,259200,Thu Aug 01 02:02:20 PDT 2019,,,3EWIJTFFVRZI6838K82LE24PMAEE03,A27J8EOAZMU0RM,Approved,Thu Jul 25 02:05:41 PDT 2019,Thu Jul 25 02:16:00 PDT 2019,Sun Jul 28 02:16:00 PDT 2019,Sun Jul 28 02:16:02 PDT 2019,,,619,100% (1/1),100% (1/1),100% (1/1),ZCgDVlkp6,,,6
3PR3LXCWSHR7LIK9P7647IV0ETI9XS,3D9FS1R54K7W66JIVXP45CG3ONJ31L,Artwork Image Annotation,Annotating objects of famous artworks,"segmentation, annotation, image, polygon",$0.10,Thu Jul 25 02:02:20 PDT 2019,20,BatchId:3715392;OriginalHitTemplateId:920937340;,1800,259200,Thu Aug 01 02:02:20 PDT 2019,,,3FDJT1UU770KNFHJD0J0TSDLNIP5K9,A2YCAVLQK6YRH9,Approved,Thu Jul 25 11:47:12 PDT 2019,Thu Jul 25 11:49:32 PDT 2019,Sun Jul 28 11:49:32 PDT 2019,Sun Jul 28 11:50:01 PDT 2019,,,140,100% (1/1),100% (1/1),100% (1/1),ZCgDVIkp5,,,5
3PR3LXCWSHR7LIK9P7647IV0ETI9XS,3D9FS1R54K7W66JIVXP45CG3ONJ31L,Artwork Image Annotation,Annotating objects of famous artworks,"segmentation, annotation, image, polygon",$0.10,Thu Jul 25 02:02:20 PDT 2019,20,BatchId:3715392;OriginalHitTemplateId:920937340;,1800,259200,Thu Aug 01 02:02:20 PDT 2019,,,3I02618YA3Y2JL4ERTWGXLR0G7MPU6,A2HC04434S9TP0,Approved,Thu Jul 25 03:04:06 PDT 2019,Thu Jul 25 03:11:47 PDT 2019,Sun Jul 28 03:11:47 PDT 2019,Sun Jul 28 03:12:02 PDT 2019,,,461,100% (8/8),100% (8/8),100% (8/8),ZCgDVlkp5,,,5
3PR3LXCWSHR7LIK9P7647IV0ETI9XS,3D9FS1R54K7W66JIVXP45CG3ONJ31L,Artwork Image Annotation,Annotating objects of famous artworks,"segmentation, annotation, image, polygon",$0.10,Thu Jul 25 02:02:20 PDT 2019,20,BatchId:3715392;OriginalHitTemplateId:920937340;,1800,259200,Thu Aug 01 02:02:20 PDT 2019,,,3ITXP059PZBQIX9C7BWWLON0MBYJSN,A3TAM79PCXOLXI,Approved,Thu Jul 25 04:03:20 PDT 2019,Thu Jul 25 04:13:24 PDT 2019,Sun Jul 28 04:13:24 PDT 2019,Sun Jul 28 04:14:03 PDT 2019,,,604,100% (7/7),100% (7/7),100% (7/7),ZCgDVlkp5,,,5
3PR3LXCWSHR7LIK9P7647IV0ETI9XS,3D9FS1R54K7W66JIVXP45CG3ONJ31L,Artwork Image Annotation,Annotating objects of famous artworks,"segmentation, annotation, image, polygon",$0.10,Thu Jul 25 02:02:20 PDT 2019,20,BatchId:3715392;OriginalHitTemplateId:920937340;,1800,259200,Thu Aug 01 02:02:20 PDT 2019,,,3IXEICO795BF927KCS7XMPEH2OTT6H,A1191P6AYGGL3O,Approved,Thu Jul 25 04:30:17 PDT 2019,Thu Jul 25 04:36:32 PDT 2019,Sun Jul 28 04:36:32 PDT 2019,Sun Jul 28 04:37:01 PDT 2019,,,375,100% (1/1),100% (1/1),100% (1/1),ZCgDVlkp6,,,6
3PR3LXCWSHR7LIK9P7647IV0ETI9XS,3D9FS1R54K7W66JIVXP45CG3ONJ31L,Artwork Image Annotation,Annotating objects of famous artworks,"segmentation, annotation, image, polygon",$0.10,Thu Jul 25 02:02:20 PDT 2019,20,BatchId:3715392;OriginalHitTemplateId:920937340;,1800,259200,Thu Aug 01 02:02:20 PDT 2019,,,3M23Y66PO5ZEU2U5NS27CKIV05B6S1,A1CJ8CLM7987EQ,Approved,Thu Jul 25 02:57:55 PDT 2019,Thu Jul 25 02:59:44 PDT 2019,Sun Jul 28 02:59:44 PDT 2019,Sun Jul 28 03:00:03 PDT 2019,,,109,100% (7/7),100% (7/7),100% (7/7),7CgDVlkp5,,,5
3PR3LXCWSHR7LIK9P7647IV0ETI9XS,3D9FS1R54K7W66JIVXP45CG3ONJ31L,Artwork Image Annotation,Annotating objects of famous artworks,"segmentation, annotation, image, polygon",$0.10,Thu Jul 25 02:02:20 PDT 2019,20,BatchId:3715392;OriginalHitTemplateId:920937340;,1800,259200,Thu Aug 01 02:02:20 PDT 2019,,,3OE22WJIGLGNJX5TR6B5XQHAL27QUV,AIN29LNXRARXY,Approved,Thu Jul 25 02:27:42 PDT 2019,Thu Jul 25 02:53:54 PDT 2019,Sun Jul 28 02:53:54 PDT 2019,Sun Jul 28 02:54:02 PDT 2019,,,1572,100% (8/8),100% (8/8),100% (8/8),ZCgDVlkp6,,,6
3PR3LXCWSHR7LIK9P7647IV0ETI9XS,3D9FS1R54K7W66JIVXP45CG3ONJ31L,Artwork Image Annotation,Annotating objects of famous artworks,"segmentation, annotation, image, polygon",$0.10,Thu Jul 25 02:02:20 PDT 2019,20,BatchId:3715392;OriginalHitTemplateId:920937340;,1800,259200,Thu Aug 01 02:02:20 PDT 2019,,,3OVHNO1VE9TAGNVYS74TEJPQ45WDZ1,AFRSASN33QBC3,Approved,Thu Jul 25 02:03:57 PDT 2019,Thu Jul 25 02:22:53 PDT 2019,Sun Jul 28 02:22:53 PDT 2019,Sun Jul 28 02:23:02 PDT 2019,,,1136,100% (2/2),100% (2/2),100% (2/2),ZCgDVLkp5,,,5
3PR3LXCWSHR7LIK9P7647IV0ETI9XS,3D9FS1R54K7W66JIVXP45CG3ONJ31L,Artwork Image Annotation,Annotating objects of famous artworks,"segmentation, annotation, image, polygon",$0.10,Thu Jul 25 02:02:20 PDT 2019,20,BatchId:3715392;OriginalHitTemplateId:920937340;,1800,259200,Thu Aug 01 02:02:20 PDT 2019,,,3PM8NZGV818F01ZOWBMSHXGEFM8QXB,A2CMKZJ3SOEM5Z,Approved,Thu Jul 25 10:06:52 PDT 2019,Thu Jul 25 10:06:59 PDT 2019,Sun Jul 28 10:06:59 PDT 2019,Sun Jul 28 10:07:01 PDT 2019,,,7,100% (5/5),100% (5/5),100% (5/5),7372020,,,
3PR3LXCWSHR7LIK9P7647IV0ETI9XS,3D9FS1R54K7W66JIVXP45CG3ONJ31L,Artwork Image Annotation,Annotating objects of famous artworks,"segmentation, annotation, image, polygon",$0.10,Thu Jul 25 02:02:20 PDT 2019,20,BatchId:3715392;OriginalHitTemplateId:920937340;,1800,259200,Thu Aug 01 02:02:20 PDT 2019,,,3SBEHTYCWQVRJ81FOZ3LR9W1QJCYIF,A2NV315LQL2QZ7,Approved,Thu Jul 25 12:41:44 PDT 2019,Thu Jul 25 12:58:09 PDT 2019,Sun Jul 28 12:58:09 PDT 2019,Sun Jul 28 12:59:01 PDT 2019,,,985,100% (1/1),100% (1/1),100% (1/1),ZCgDVlkp6,,,6
3PR3LXCWSHR7LIK9P7647IV0ETI9XS,3D9FS1R54K7W66JIVXP45CG3ONJ31L,Artwork Image Annotation,Annotating objects of famous artworks,"segmentation, annotation, image, polygon",$0.10,Thu Jul 25 02:02:20 PDT 2019,20,BatchId:3715392;OriginalHitTemplateId:920937340;,1800,259200,Thu Aug 01 02:02:20 PDT 2019,,,3U84XHCDIF5XGRC5ZW30BFVKRS4Z4B,A1S4F7RLZKEGEJ,Approved,Thu Jul 25 02:38:10 PDT 2019,Thu Jul 25 02:38:16 PDT 2019,Sun Jul 28 02:38:16 PDT 2019,Sun Jul 28 02:39:02 PDT 2019,,,6,100% (1/1),100% (1/1),100% (1/1),123456,,,
3PR3LXCWSHR7LIK9P7647IV0ETI9XS,3D9FS1R54K7W66JIVXP45CG3ONJ31L,Artwork Image Annotation,Annotating objects of famous artworks,"segmentation, annotation, image, polygon",$0.10,Thu Jul 25 02:02:20 PDT 2019,20,BatchId:3715392;OriginalHitTemplateId:920937340;,1800,259200,Thu Aug 01 02:02:20 PDT 2019,,,3VD82FOHKTGOCRBDQ2Y1EF04Z2TOCO,A2NVNFIOKLEEGY,Approved,Thu Jul 25 05:56:05 PDT 2019,Thu Jul 25 06:00:19 PDT 2019,Sun Jul 28 06:00:19 PDT 2019,Sun Jul 28 06:01:01 PDT 2019,,,254,100% (8/8),100% (8/8),100% (8/8),ZCgDVlkp5,,,5
3PR3LXCWSHR7LIK9P7647IV0ETI9XS,3D9FS1R54K7W66JIVXP45CG3ONJ31L,Artwork Image Annotation,Annotating objects of famous artworks,"segmentation, annotation, image, polygon",$0.10,Thu Jul 25 02:02:20 PDT 2019,20,BatchId:3715392;OriginalHitTemplateId:920937340;,1800,259200,Thu Aug 01 02:02:20 PDT 2019,,,3WYGZ5XF3Z7LTHFUPWW8M3ND11DKS4,A3U4OZX2JOP1HD,Approved,Thu Jul 25 09:52:04 PDT 2019,Thu Jul 25 09:52:22 PDT 2019,Sun Jul 28 09:52:22 PDT 2019,Sun Jul 28 09:53:01 PDT 2019,,,18,100% (7/7),100% (7/7),100% (7/7),8900343422,,,
3RHLQY6EDVWSQ69GHC91W3HSCJS4DP,3D9FS1R54K7W66JIVXP45CG3ONJ31L,Artwork Image Annotation,Annotating objects of famous artworks,"segmentation, annotation, image, polygon",$0.10,Thu Jul 25 02:02:49 PDT 2019,20,BatchId:3715393;OriginalHitTemplateId:920937340;,1800,259200,Thu Aug 01 02:02:49 PDT 2019,,,31LVTDXBLA2KC8XZV784BTVW4YXLRG,A2OMYDY8G8PNJE,Approved,Thu Jul 25 06:48:42 PDT 2019,Thu Jul 25 06:58:24 PDT 2019,Sun Jul 28 06:58:24 PDT 2019,Sun Jul 28 06:59:01 PDT 2019,,,582,100% (4/4),100% (4/4),100% (4/4),ZCgDVlkp7,,,7
3RHLQY6EDVWSQ69GHC91W3HSCJS4DP,3D9FS1R54K7W66JIVXP45CG3ONJ31L,Artwork Image Annotation,Annotating objects of famous artworks,"segmentation, annotation, image, polygon",$0.10,Thu Jul 25 02:02:49 PDT 2019,20,BatchId:3715393;OriginalHitTemplateId:920937340;,1800,259200,Thu Aug 01 02:02:49 PDT 2019,,,31Q0U3WYDS7X4I9GTJSFMXVI5GU71T,A1IYWC3KVWMTYW,Approved,Thu Jul 25 06:18:49 PDT 2019,Thu Jul 25 06:19:03 PDT 2019,Sun Jul 28 06:19:03 PDT 2019,Sun Jul 28 06:20:01 PDT 2019,,,14,100% (8/8),100% (8/8),100% (8/8),zcgdvlkp9,,,9
3RHLQY6EDVWSQ69GHC91W3HSCJS4DP,3D9FS1R54K7W66JIVXP45CG3ONJ31L,Artwork Image Annotation,Annotating objects of famous artworks,"segmentation, annotation, image, polygon",$0.10,Thu Jul 25 02:02:49 PDT 2019,20,BatchId:3715393;OriginalHitTemplateId:920937340;,1800,259200,Thu Aug 01 02:02:49 PDT 2019,,,3300DTYQT596U18716W0T8V7ZGCEQ5,A2CO8IM74HLYTL,Approved,Thu Jul 25 11:20:40 PDT 2019,Thu Jul 25 11:25:59 PDT 2019,Sun Jul 28 11:25:59 PDT 2019,Sun Jul 28 11:26:01 PDT 2019,,,319,100% (1/1),100% (1/1),100% (1/1),ZCgDVlkp5,,,5
3RHLQY6EDVWSQ69GHC91W3HSCJS4DP,3D9FS1R54K7W66JIVXP45CG3ONJ31L,Artwork Image Annotation,Annotating objects of famous artworks,"segmentation, annotation, image, polygon",$0.10,Thu Jul 25 02:02:49 PDT 2019,20,BatchId:3715393;OriginalHitTemplateId:920937340;,1800,259200,Thu Aug 01 02:02:49 PDT 2019,,,338JKRMM29RQRVSS2B7KOBDFNG5AH1,A3LRE22F3AHPQ2,Approved,Thu Jul 25 17:35:53 PDT 2019,Thu Jul 25 17:37:46 PDT 2019,Sun Jul 28 17:37:46 PDT 2019,Sun Jul 28 17:38:01 PDT 2019,,,113,100% (2/2),100% (2/2),100% (2/2),A3LRE22F3AHPQ2,,,
3RHLQY6EDVWSQ69GHC91W3HSCJS4DP,3D9FS1R54K7W66JIVXP45CG3ONJ31L,Artwork Image Annotation,Annotating objects of famous artworks,"segmentation, annotation, image, polygon",$0.10,Thu Jul 25 02:02:49 PDT 2019,20,BatchId:3715393;OriginalHitTemplateId:920937340;,1800,259200,Thu Aug 01 02:02:49 PDT 2019,,,34X6J5FLPWQE5HUZF77RQO8Z4OVJQI,AOV97Z3YMKLAQ,Approved,Thu Jul 25 10:32:47 PDT 2019,Thu Jul 25 10:50:34 PDT 2019,Sun Jul 28 10:50:34 PDT 2019,Sun Jul 28 10:51:01 PDT 2019,,,1067,100% (5/5),100% (5/5),100% (5/5),ZCgDVlkp5,,,5
3RHLQY6EDVWSQ69GHC91W3HSCJS4DP,3D9FS1R54K7W66JIVXP45CG3ONJ31L,Artwork Image Annotation,Annotating objects of famous artworks,"segmentation, annotation, image, polygon",$0.10,Thu Jul 25 02:02:49 PDT 2019,20,BatchId:3715393;OriginalHitTemplateId:920937340;,1800,259200,Thu Aug 01 02:02:49 PDT 2019,,,36PW28KO42OE7L1QCAZE38G2VXXAEZ,A2MOY7J4GG5CW8,Approved,Thu Jul 25 04:31:28 PDT 2019,Thu Jul 25 04:46:57 PDT 2019,Sun Jul 28 04:46:57 PDT 2019,Sun Jul 28 04:47:01 PDT 2019,,,929,100% (4/4),100% (4/4),100% (4/4),ZCgDVlkp5,,,5
3RHLQY6EDVWSQ69GHC91W3HSCJS4DP,3D9FS1R54K7W66JIVXP45CG3ONJ31L,Artwork Image Annotation,Annotating objects of famous artworks,"segmentation, annotation, image, polygon",$0.10,Thu Jul 25 02:02:49 PDT 2019,20,BatchId:3715393;OriginalHitTemplateId:920937340;,1800,259200,Thu Aug 01 02:02:49 PDT 2019,,,3CPLWGV3MRR4W84YD3OXX0ZR37HN9N,AC9P9SHL0IXBL,Approved,Thu Jul 25 04:50:54 PDT 2019,Thu Jul 25 05:02:43 PDT 2019,Sun Jul 28 05:02:43 PDT 2019,Sun Jul 28 05:03:01 PDT 2019,,,709,100% (1/1),100% (1/1),100% (1/1),ZCgDVIkp5,,,5
3RHLQY6EDVWSQ69GHC91W3HSCJS4DP,3D9FS1R54K7W66JIVXP45CG3ONJ31L,Artwork Image Annotation,Annotating objects of famous artworks,"segmentation, annotation, image, polygon",$0.10,Thu Jul 25 02:02:49 PDT 2019,20,BatchId:3715393;OriginalHitTemplateId:920937340;,1800,259200,Thu Aug 01 02:02:49 PDT 2019,,,3CTOC39K3AI4ZZPKJ8YLQXR4ZY1J7I,A2CMKZJ3SOEM5Z,Approved,Thu Jul 25 10:06:44 PDT 2019,Thu Jul 25 10:06:51 PDT 2019,Sun Jul 28 10:06:51 PDT 2019,Sun Jul 28 10:07:01 PDT 2019,,,7,100% (5/5),100% (5/5),100% (5/5),7172050,,,
3RHLQY6EDVWSQ69GHC91W3HSCJS4DP,3D9FS1R54K7W66JIVXP45CG3ONJ31L,Artwork Image Annotation,Annotating objects of famous artworks,"segmentation, annotation, image, polygon",$0.10,Thu Jul 25 02:02:49 PDT 2019,20,BatchId:3715393;OriginalHitTemplateId:920937340;,1800,259200,Thu Aug 01 02:02:49 PDT 2019,,,3F6HPJW4JGSJJISDKV05JW44QE42WW,A2M3QMJC99DERS,Approved,Thu Jul 25 11:25:18 PDT 2019,Thu Jul 25 11:32:09 PDT 2019,Sun Jul 28 11:32:09 PDT 2019,Sun Jul 28 11:33:01 PDT 2019,,,411,100% (4/4),100% (4/4),100% (4/4),ZCgDVlkp5,,,5
3RHLQY6EDVWSQ69GHC91W3HSCJS4DP,3D9FS1R54K7W66JIVXP45CG3ONJ31L,Artwork Image Annotation,Annotating objects of famous artworks,"segmentation, annotation, image, polygon",$0.10,Thu Jul 25 02:02:49 PDT 2019,20,BatchId:3715393;OriginalHitTemplateId:920937340;,1800,259200,Thu Aug 01 02:02:49 PDT 2019,,,3F6KKYWMNETGZYHFPJTZJWIHURODNK,A2HC04434S9TP0,Approved,Thu Jul 25 02:03:43 PDT 2019,Thu Jul 25 02:17:43 PDT 2019,Sun Jul 28 02:17:43 PDT 2019,Sun Jul 28 02:18:01 PDT 2019,,,840,100% (8/8),100% (8/8),100% (8/8),ZCgDVlkp6,,,6
3RHLQY6EDVWSQ69GHC91W3HSCJS4DP,3D9FS1R54K7W66JIVXP45CG3ONJ31L,Artwork Image Annotation,Annotating objects of famous artworks,"segmentation, annotation, image, polygon",$0.10,Thu Jul 25 02:02:49 PDT 2019,20,BatchId:3715393;OriginalHitTemplateId:920937340;,1800,259200,Thu Aug 01 02:02:49 PDT 2019,,,3HHRAGRYXBXMET4AEIOACPZWTI5O9O,A10EHIYN2UO2BC,Approved,Thu Jul 25 10:55:25 PDT 2019,Thu Jul 25 10:55:33 PDT 2019,Sun Jul 28 10:55:33 PDT 2019,Sun Jul 28 10:56:01 PDT 2019,,,8,100% (3/3),100% (3/3),100% (3/3),A10EHIYN2UO2BC,,,
3RHLQY6EDVWSQ69GHC91W3HSCJS4DP,3D9FS1R54K7W66JIVXP45CG3ONJ31L,Artwork Image Annotation,Annotating objects of famous artworks,"segmentation, annotation, image, polygon",$0.10,Thu Jul 25 02:02:49 PDT 2019,20,BatchId:3715393;OriginalHitTemplateId:920937340;,1800,259200,Thu Aug 01 02:02:49 PDT 2019,,,3HUTX6F6VXFBE9JBT99V22RINCM2O1,A396GA8SHS2L41,Approved,Thu Jul 25 09:43:14 PDT 2019,Thu Jul 25 09:58:10 PDT 2019,Sun Jul 28 09:58:10 PDT 2019,Sun Jul 28 09:59:01 PDT 2019,,,896,100% (4/4),100% (4/4),100% (4/4),ZCgDVlKp6,,,6
3RHLQY6EDVWSQ69GHC91W3HSCJS4DP,3D9FS1R54K7W66JIVXP45CG3ONJ31L,Artwork Image Annotation,Annotating objects of famous artworks,"segmentation, annotation, image, polygon",$0.10,Thu Jul 25 02:02:49 PDT 2019,20,BatchId:3715393;OriginalHitTemplateId:920937340;,1800,259200,Thu Aug 01 02:02:49 PDT 2019,,,3JZQSN0I3T27NQEPTLBUHCC55TVGF5,A2NVNFIOKLEEGY,Approved,Thu Jul 25 06:00:33 PDT 2019,Thu Jul 25 06:03:54 PDT 2019,Sun Jul 28 06:03:54 PDT 2019,Sun Jul 28 06:04:01 PDT 2019,,,201,100% (8/8),100% (8/8),100% (8/8),ZCgDVlkp5,,,5
3RHLQY6EDVWSQ69GHC91W3HSCJS4DP,3D9FS1R54K7W66JIVXP45CG3ONJ31L,Artwork Image Annotation,Annotating objects of famous artworks,"segmentation, annotation, image, polygon",$0.10,Thu Jul 25 02:02:49 PDT 2019,20,BatchId:3715393;OriginalHitTemplateId:920937340;,1800,259200,Thu Aug 01 02:02:49 PDT 2019,,,3K5TEWLKGY3AFE6AJOG1KAS783HVIC,A2RMR0ZSQ575XZ,Approved,Thu Jul 25 17:09:58 PDT 2019,Thu Jul 25 17:35:47 PDT 2019,Sun Jul 28 17:35:47 PDT 2019,Sun Jul 28 17:36:01 PDT 2019,,,1549,100% (1/1),100% (1/1),100% (1/1),ZCgDVlkp8,,,8
3RHLQY6EDVWSQ69GHC91W3HSCJS4DP,3D9FS1R54K7W66JIVXP45CG3ONJ31L,Artwork Image Annotation,Annotating objects of famous artworks,"segmentation, annotation, image, polygon",$0.10,Thu Jul 25 02:02:49 PDT 2019,20,BatchId:3715393;OriginalHitTemplateId:920937340;,1800,259200,Thu Aug 01 02:02:49 PDT 2019,,,3NS0A6KXC70DS75PUX51K4SNHYEGZI,A1CJ8CLM7987EQ,Approved,Thu Jul 25 02:55:34 PDT 2019,Thu Jul 25 02:57:47 PDT 2019,Sun Jul 28 02:57:47 PDT 2019,Sun Jul 28 02:58:02 PDT 2019,,,133,100% (7/7),100% (7/7),100% (7/7),7CgDVlkp5,,,5
3RHLQY6EDVWSQ69GHC91W3HSCJS4DP,3D9FS1R54K7W66JIVXP45CG3ONJ31L,Artwork Image Annotation,Annotating objects of famous artworks,"segmentation, annotation, image, polygon",$0.10,Thu Jul 25 02:02:49 PDT 2019,20,BatchId:3715393;OriginalHitTemplateId:920937340;,1800,259200,Thu Aug 01 02:02:49 PDT 2019,,,3Q5C1WP23PTIHEVX5QDIODHMECP516,A1X9BD3KDIA2QB,Approved,Thu Jul 25 11:46:08 PDT 2019,Thu Jul 25 11:50:39 PDT 2019,Sun Jul 28 11:50:39 PDT 2019,Sun Jul 28 11:51:01 PDT 2019,,,271,100% (3/3),100% (3/3),100% (3/3),ZCgDVlkp5,,,5
3RHLQY6EDVWSQ69GHC91W3HSCJS4DP,3D9FS1R54K7W66JIVXP45CG3ONJ31L,Artwork Image Annotation,Annotating objects of famous artworks,"segmentation, annotation, image, polygon",$0.10,Thu Jul 25 02:02:49 PDT 2019,20,BatchId:3715393;OriginalHitTemplateId:920937340;,1800,259200,Thu Aug 01 02:02:49 PDT 2019,,,3QIYRE09Y69M73139Q94IUH85W51N6,A3U4OZX2JOP1HD,Approved,Thu Jul 25 09:51:28 PDT 2019,Thu Jul 25 09:51:49 PDT 2019,Sun Jul 28 09:51:49 PDT 2019,Sun Jul 28 09:52:01 PDT 2019,,,21,100% (7/7),100% (7/7),100% (7/7),4583947999,,,
3RHLQY6EDVWSQ69GHC91W3HSCJS4DP,3D9FS1R54K7W66JIVXP45CG3ONJ31L,Artwork Image Annotation,Annotating objects of famous artworks,"segmentation, annotation, image, polygon",$0.10,Thu Jul 25 02:02:49 PDT 2019,20,BatchId:3715393;OriginalHitTemplateId:920937340;,1800,259200,Thu Aug 01 02:02:49 PDT 2019,,,3RSDURM96DEF33ZTSGDU6UY9YO3YE0,A275STSZHFODG6,Approved,Thu Jul 25 05:24:35 PDT 2019,Thu Jul 25 05:24:43 PDT 2019,Sun Jul 28 05:24:43 PDT 2019,Sun Jul 28 05:25:01 PDT 2019,,,8,100% (8/8),100% (8/8),100% (8/8),3673,,,
3RHLQY6EDVWSQ69GHC91W3HSCJS4DP,3D9FS1R54K7W66JIVXP45CG3ONJ31L,Artwork Image Annotation,Annotating objects of famous artworks,"segmentation, annotation, image, polygon",$0.10,Thu Jul 25 02:02:49 PDT 2019,20,BatchId:3715393;OriginalHitTemplateId:920937340;,1800,259200,Thu Aug 01 02:02:49 PDT 2019,,,3VELCLL3GNBAJBOMB2QRAP8Z341F1T,AIN29LNXRARXY,Approved,Thu Jul 25 03:01:05 PDT 2019,Thu Jul 25 03:05:38 PDT 2019,Sun Jul 28 03:05:38 PDT 2019,Sun Jul 28 03:06:02 PDT 2019,,,273,100% (8/8),100% (8/8),100% (8/8),ZCgDVlkp5,,,5
3RHLQY6EDVWSQ69GHC91W3HSCJS4DP,3D9FS1R54K7W66JIVXP45CG3ONJ31L,Artwork Image Annotation,Annotating objects of famous artworks,"segmentation, annotation, image, polygon",$0.10,Thu Jul 25 02:02:49 PDT 2019,20,BatchId:3715393;OriginalHitTemplateId:920937340;,1800,259200,Thu Aug 01 02:02:49 PDT 2019,,,3XM0HYN6NNRLUP7S1THBT35XULUPEV,A1Z1L9F827UMHR,Approved,Thu Jul 25 11:53:17 PDT 2019,Thu Jul 25 12:08:06 PDT 2019,Sun Jul 28 12:08:06 PDT 2019,Sun Jul 28 12:09:01 PDT 2019,,,889,100% (1/1),100% (1/1),100% (1/1),52Y,,,
379OL9DBSU6WLNAJU3S6QW29GZC9YY,3D9FS1R54K7W66JIVXP45CG3ONJ31L,Artwork Image Annotation,Annotating objects of famous artworks,"segmentation, annotation, image, polygon",$0.10,Thu Jul 25 02:03:15 PDT 2019,20,BatchId:3715394;OriginalHitTemplateId:920937340;,1800,259200,Thu Aug 01 02:03:15 PDT 2019,,,32ZKVD547IFGGXQLT4IEFSWBMPMB3W,A300NSYGWVGOMM,Approved,Thu Jul 25 02:28:30 PDT 2019,Thu Jul 25 02:35:56 PDT 2019,Sun Jul 28 02:35:56 PDT 2019,Sun Jul 28 02:36:04 PDT 2019,,,446,100% (1/1),100% (1/1),100% (1/1),ZCgDVlkp5,,,5
379OL9DBSU6WLNAJU3S6QW29GZC9YY,3D9FS1R54K7W66JIVXP45CG3ONJ31L,Artwork Image Annotation,Annotating objects of famous artworks,"segmentation, annotation, image, polygon",$0.10,Thu Jul 25 02:03:15 PDT 2019,20,BatchId:3715394;OriginalHitTemplateId:920937340;,1800,259200,Thu Aug 01 02:03:15 PDT 2019,,,34YB12FSQ1GDT066F8F7C2WE2V0MGD,A2MDR0R3KTYTGV,Approved,Thu Jul 25 08:43:25 PDT 2019,Thu Jul 25 08:50:44 PDT 2019,Sun Jul 28 08:50:44 PDT 2019,Sun Jul 28 08:51:01 PDT 2019,,,439,100% (1/1),100% (1/1),100% (1/1),ZCgDVlkp5,,,5
379OL9DBSU6WLNAJU3S6QW29GZC9YY,3D9FS1R54K7W66JIVXP45CG3ONJ31L,Artwork Image Annotation,Annotating objects of famous artworks,"segmentation, annotation, image, polygon",$0.10,Thu Jul 25 02:03:15 PDT 2019,20,BatchId:3715394;OriginalHitTemplateId:920937340;,1800,259200,Thu Aug 01 02:03:15 PDT 2019,,,39LOEL67OVXXEZSEQSY4OQ6AEM238W,A2M3QMJC99DERS,Approved,Thu Jul 25 11:32:14 PDT 2019,Thu Jul 25 11:37:26 PDT 2019,Sun Jul 28 11:37:26 PDT 2019,Sun Jul 28 11:38:01 PDT 2019,,,312,100% (4/4),100% (4/4),100% (4/4),ZCgDVlkp5,,,5
379OL9DBSU6WLNAJU3S6QW29GZC9YY,3D9FS1R54K7W66JIVXP45CG3ONJ31L,Artwork Image Annotation,Annotating objects of famous artworks,"segmentation, annotation, image, polygon",$0.10,Thu Jul 25 02:03:15 PDT 2019,20,BatchId:3715394;OriginalHitTemplateId:920937340;,1800,259200,Thu Aug 01 02:03:15 PDT 2019,,,3CFJTT4SXWI84O5E1QDLEWC4MHRI7G,AFRSASN33QBC3,Approved,Thu Jul 25 02:03:57 PDT 2019,Thu Jul 25 02:19:57 PDT 2019,Sun Jul 28 02:19:57 PDT 2019,Sun Jul 28 02:20:02 PDT 2019,,,960,100% (2/2),100% (2/2),100% (2/2),ZCgDVLkp5,,,5
379OL9DBSU6WLNAJU3S6QW29GZC9YY,3D9FS1R54K7W66JIVXP45CG3ONJ31L,Artwork Image Annotation,Annotating objects of famous artworks,"segmentation, annotation, image, polygon",$0.10,Thu Jul 25 02:03:15 PDT 2019,20,BatchId:3715394;OriginalHitTemplateId:920937340;,1800,259200,Thu Aug 01 02:03:15 PDT 2019,,,3CP1TO84PWTP6ZDTOUDWTWRR6HK522,A3U4OZX2JOP1HD,Approved,Thu Jul 25 09:53:16 PDT 2019,Thu Jul 25 09:53:33 PDT 2019,Sun Jul 28 09:53:33 PDT 2019,Sun Jul 28 09:54:01 PDT 2019,,,17,100% (7/7),100% (7/7),100% (7/7),323432309,,,
379OL9DBSU6WLNAJU3S6QW29GZC9YY,3D9FS1R54K7W66JIVXP45CG3ONJ31L,Artwork Image Annotation,Annotating objects of famous artworks,"segmentation, annotation, image, polygon",$0.10,Thu Jul 25 02:03:15 PDT 2019,20,BatchId:3715394;OriginalHitTemplateId:920937340;,1800,259200,Thu Aug 01 02:03:15 PDT 2019,,,3CTOC39K3AI4ZZPKJ8YLQXR4ZXM7JP,A3TAM79PCXOLXI,Approved,Thu Jul 25 04:13:25 PDT 2019,Thu Jul 25 04:14:27 PDT 2019,Sun Jul 28 04:14:27 PDT 2019,Sun Jul 28 04:15:03 PDT 2019,,,62,100% (7/7),100% (7/7),100% (7/7),ZCgDVlkp5,,,5
379OL9DBSU6WLNAJU3S6QW29GZC9YY,3D9FS1R54K7W66JIVXP45CG3ONJ31L,Artwork Image Annotation,Annotating objects of famous artworks,"segmentation, annotation, image, polygon",$0.10,Thu Jul 25 02:03:15 PDT 2019,20,BatchId:3715394;OriginalHitTemplateId:920937340;,1800,259200,Thu Aug 01 02:03:15 PDT 2019,,,3HFNH7HEMK64EF4Y71MOTBGJCVZQG4,A2MOY7J4GG5CW8,Approved,Thu Jul 25 04:51:57 PDT 2019,Thu Jul 25 04:52:03 PDT 2019,Sun Jul 28 04:52:03 PDT 2019,Sun Jul 28 04:53:01 PDT 2019,,,6,100% (4/4),100% (4/4),100% (4/4),A2MOY7J4GG5CW8,,,
379OL9DBSU6WLNAJU3S6QW29GZC9YY,3D9FS1R54K7W66JIVXP45CG3ONJ31L,Artwork Image Annotation,Annotating objects of famous artworks,"segmentation, annotation, image, polygon",$0.10,Thu Jul 25 02:03:15 PDT 2019,20,BatchId:3715394;OriginalHitTemplateId:920937340;,1800,259200,Thu Aug 01 02:03:15 PDT 2019,,,3HMIGG0U4OYYU2P2FDRUEK2NNL5Y81,A275STSZHFODG6,Approved,Thu Jul 25 05:24:07 PDT 2019,Thu Jul 25 05:24:11 PDT 2019,Sun Jul 28 05:24:11 PDT 2019,Sun Jul 28 05:26:01 PDT 2019,,,4,100% (8/8),100% (8/8),100% (8/8),5632,,,
379OL9DBSU6WLNAJU3S6QW29GZC9YY,3D9FS1R54K7W66JIVXP45CG3ONJ31L,Artwork Image Annotation,Annotating objects of famous artworks,"segmentation, annotation, image, polygon",$0.10,Thu Jul 25 02:03:15 PDT 2019,20,BatchId:3715394;OriginalHitTemplateId:920937340;,1800,259200,Thu Aug 01 02:03:15 PDT 2019,,,3HVVDCPGTHKHSMHQIB2P5GYA1YTTYO,A1IYWC3KVWMTYW,Approved,Thu Jul 25 06:13:53 PDT 2019,Thu Jul 25 06:17:52 PDT 2019,Sun Jul 28 06:17:52 PDT 2019,Sun Jul 28 06:18:01 PDT 2019,,,239,100% (8/8),100% (8/8),100% (8/8),zcgdvlkp6,,,6
379OL9DBSU6WLNAJU3S6QW29GZC9YY,3D9FS1R54K7W66JIVXP45CG3ONJ31L,Artwork Image Annotation,Annotating objects of famous artworks,"segmentation, annotation, image, polygon",$0.10,Thu Jul 25 02:03:15 PDT 2019,20,BatchId:3715394;OriginalHitTemplateId:920937340;,1800,259200,Thu Aug 01 02:03:15 PDT 2019,,,3JMSRU9HQLMYZ94ON5QAZVUFG6SVED,A1CJ8CLM7987EQ,Approved,Thu Jul 25 02:48:28 PDT 2019,Thu Jul 25 02:50:47 PDT 2019,Sun Jul 28 02:50:47 PDT 2019,Sun Jul 28 02:51:02 PDT 2019,,,139,100% (7/7),100% (7/7),100% (7/7),7CgDVlkp5,,,5
379OL9DBSU6WLNAJU3S6QW29GZC9YY,3D9FS1R54K7W66JIVXP45CG3ONJ31L,Artwork Image Annotation,Annotating objects of famous artworks,"segmentation, annotation, image, polygon",$0.10,Thu Jul 25 02:03:15 PDT 2019,20,BatchId:3715394;OriginalHitTemplateId:920937340;,1800,259200,Thu Aug 01 02:03:15 PDT 2019,,,3K3R2QNK8EVHRYO7A40JBVRLB3F9U6,A2NVNFIOKLEEGY,Approved,Thu Jul 25 06:04:06 PDT 2019,Thu Jul 25 06:08:14 PDT 2019,Sun Jul 28 06:08:14 PDT 2019,Sun Jul 28 06:09:01 PDT 2019,,,248,100% (8/8),100% (8/8),100% (8/8),ZCgDVlkp5,,,5
379OL9DBSU6WLNAJU3S6QW29GZC9YY,3D9FS1R54K7W66JIVXP45CG3ONJ31L,Artwork Image Annotation,Annotating objects of famous artworks,"segmentation, annotation, image, polygon",$0.10,Thu Jul 25 02:03:15 PDT 2019,20,BatchId:3715394;OriginalHitTemplateId:920937340;,1800,259200,Thu Aug 01 02:03:15 PDT 2019,,,3KAKFY4PGXUQ354RZEAV1F0OHGGI3O,A2ESU5YE950P4O,Approved,Thu Jul 25 05:34:40 PDT 2019,Thu Jul 25 05:36:15 PDT 2019,Sun Jul 28 05:36:15 PDT 2019,Sun Jul 28 05:37:01 PDT 2019,,,95,100% (2/2),100% (2/2),100% (2/2),A2ESU5YE950P4O,,,
379OL9DBSU6WLNAJU3S6QW29GZC9YY,3D9FS1R54K7W66JIVXP45CG3ONJ31L,Artwork Image Annotation,Annotating objects of famous artworks,"segmentation, annotation, image, polygon",$0.10,Thu Jul 25 02:03:15 PDT 2019,20,BatchId:3715394;OriginalHitTemplateId:920937340;,1800,259200,Thu Aug 01 02:03:15 PDT 2019,,,3LJ7UR74RK53Z2YMW8S6GSOBHG5N4V,A1NZ4C0GO5HS87,Approved,Thu Jul 25 09:00:22 PDT 2019,Thu Jul 25 09:16:20 PDT 2019,Sun Jul 28 09:16:20 PDT 2019,Sun Jul 28 09:17:01 PDT 2019,,,958,100% (1/1),100% (1/1),100% (1/1),ZCgDVlkp5,,,5
379OL9DBSU6WLNAJU3S6QW29GZC9YY,3D9FS1R54K7W66JIVXP45CG3ONJ31L,Artwork Image Annotation,Annotating objects of famous artworks,"segmentation, annotation, image, polygon",$0.10,Thu Jul 25 02:03:15 PDT 2019,20,BatchId:3715394;OriginalHitTemplateId:920937340;,1800,259200,Thu Aug 01 02:03:15 PDT 2019,,,3MHW492WW35WBXW143ETC3ZOP8IVM1,A2F9FURICZCOY3,Approved,Thu Jul 25 02:05:38 PDT 2019,Thu Jul 25 02:32:56 PDT 2019,Sun Jul 28 02:32:56 PDT 2019,Sun Jul 28 02:33:03 PDT 2019,,,1638,100% (1/1),100% (1/1),100% (1/1),ZCgDVlkp8,,,8
379OL9DBSU6WLNAJU3S6QW29GZC9YY,3D9FS1R54K7W66JIVXP45CG3ONJ31L,Artwork Image Annotation,Annotating objects of famous artworks,"segmentation, annotation, image, polygon",$0.10,Thu Jul 25 02:03:15 PDT 2019,20,BatchId:3715394;OriginalHitTemplateId:920937340;,1800,259200,Thu Aug 01 02:03:15 PDT 2019,,,3ND9UOO81NUPK4ELU1IAYS3DWD4LWB,AIN29LNXRARXY,Approved,Thu Jul 25 05:15:13 PDT 2019,Thu Jul 25 05:27:27 PDT 2019,Sun Jul 28 05:27:27 PDT 2019,Sun Jul 28 05:28:01 PDT 2019,,,734,100% (8/8),100% (8/8),100% (8/8),ZCgDVlkp5,,,5
379OL9DBSU6WLNAJU3S6QW29GZC9YY,3D9FS1R54K7W66JIVXP45CG3ONJ31L,Artwork Image Annotation,Annotating objects of famous artworks,"segmentation, annotation, image, polygon",$0.10,Thu Jul 25 02:03:15 PDT 2019,20,BatchId:3715394;OriginalHitTemplateId:920937340;,1800,259200,Thu Aug 01 02:03:15 PDT 2019,,,3NOKK93PR40HXYI2SF10ZR6TGCYEE1,A3RQVHWHESFK4D,Approved,Thu Jul 25 05:15:01 PDT 2019,Thu Jul 25 05:31:43 PDT 2019,Sun Jul 28 05:31:43 PDT 2019,Sun Jul 28 05:32:01 PDT 2019,,,1002,100% (1/1),100% (1/1),100% (1/1),ZCgDVlkp5,,,5
379OL9DBSU6WLNAJU3S6QW29GZC9YY,3D9FS1R54K7W66JIVXP45CG3ONJ31L,Artwork Image Annotation,Annotating objects of famous artworks,"segmentation, annotation, image, polygon",$0.10,Thu Jul 25 02:03:15 PDT 2019,20,BatchId:3715394;OriginalHitTemplateId:920937340;,1800,259200,Thu Aug 01 02:03:15 PDT 2019,,,3OSWBBLG1HPLBSVJRPG8HY9FW5ZDX5,A2HC04434S9TP0,Approved,Thu Jul 25 02:26:25 PDT 2019,Thu Jul 25 02:36:12 PDT 2019,Sun Jul 28 02:36:12 PDT 2019,Sun Jul 28 02:37:01 PDT 2019,,,587,100% (8/8),100% (8/8),100% (8/8),ZCgDVlkp6,,,6
379OL9DBSU6WLNAJU3S6QW29GZC9YY,3D9FS1R54K7W66JIVXP45CG3ONJ31L,Artwork Image Annotation,Annotating objects of famous artworks,"segmentation, annotation, image, polygon",$0.10,Thu Jul 25 02:03:15 PDT 2019,20,BatchId:3715394;OriginalHitTemplateId:920937340;,1800,259200,Thu Aug 01 02:03:15 PDT 2019,,,3RGU30DZTD0NK2W7NE0A9FOUUN7JM4,AOV97Z3YMKLAQ,Approved,Thu Jul 25 11:14:18 PDT 2019,Thu Jul 25 11:33:18 PDT 2019,Sun Jul 28 11:33:18 PDT 2019,Sun Jul 28 11:34:01 PDT 2019,,,1140,100% (5/5),100% (5/5),100% (5/5),ZCgDVIkp5,,,5
379OL9DBSU6WLNAJU3S6QW29GZC9YY,3D9FS1R54K7W66JIVXP45CG3ONJ31L,Artwork Image Annotation,Annotating objects of famous artworks,"segmentation, annotation, image, polygon",$0.10,Thu Jul 25 02:03:15 PDT 2019,20,BatchId:3715394;OriginalHitTemplateId:920937340;,1800,259200,Thu Aug 01 02:03:15 PDT 2019,,,3XCC1ODXDO3V35DCNCG0SFUQE46RQX,A1FC701BZE1HZM,Approved,Thu Jul 25 03:48:43 PDT 2019,Thu Jul 25 03:57:57 PDT 2019,Sun Jul 28 03:57:57 PDT 2019,Sun Jul 28 03:58:03 PDT 2019,,,554,100% (1/1),100% (1/1),100% (1/1),ZCgDVlkp5,,,5
379OL9DBSU6WLNAJU3S6QW29GZC9YY,3D9FS1R54K7W66JIVXP45CG3ONJ31L,Artwork Image Annotation,Annotating objects of famous artworks,"segmentation, annotation, image, polygon",$0.10,Thu Jul 25 02:03:15 PDT 2019,20,BatchId:3715394;OriginalHitTemplateId:920937340;,1800,259200,Thu Aug 01 02:03:15 PDT 2019,,,3Y9N9SS8L139VUO5709KAIKBPAY3DV,A1QC6WNXRWWPCC,Approved,Thu Jul 25 02:20:06 PDT 2019,Thu Jul 25 02:40:03 PDT 2019,Sun Jul 28 02:40:03 PDT 2019,Sun Jul 28 02:40:06 PDT 2019,,,1197,100% (1/1),100% (1/1),100% (1/1),ZCgDVkp5,,,5
3CZH926SIE6XICNGD7KL2LZDCVT4EI,3D9FS1R54K7W66JIVXP45CG3ONJ31L,Artwork Image Annotation,Annotating objects of famous artworks,"segmentation, annotation, image, polygon",$0.10,Thu Jul 25 02:03:38 PDT 2019,20,BatchId:3715396;OriginalHitTemplateId:920937340;,1800,259200,Thu Aug 01 02:03:38 PDT 2019,,,30MVJZJNHP58DIDDY5W54TIAUN69JZ,A2HC04434S9TP0,Approved,Thu Jul 25 02:58:57 PDT 2019,Thu Jul 25 03:04:03 PDT 2019,Sun Jul 28 03:04:03 PDT 2019,Sun Jul 28 03:05:01 PDT 2019,,,306,100% (8/8),100% (8/8),100% (8/8),ZCgDVlkp5,,,5
3CZH926SIE6XICNGD7KL2LZDCVT4EI,3D9FS1R54K7W66JIVXP45CG3ONJ31L,Artwork Image Annotation,Annotating objects of famous artworks,"segmentation, annotation, image, polygon",$0.10,Thu Jul 25 02:03:38 PDT 2019,20,BatchId:3715396;OriginalHitTemplateId:920937340;,1800,259200,Thu Aug 01 02:03:38 PDT 2019,,,37FMASSAYFJV6084E7P1JYY057IIB2,A2V4XMFDDK1CIJ,Approved,Thu Jul 25 02:04:16 PDT 2019,Thu Jul 25 02:06:46 PDT 2019,Sun Jul 28 02:06:46 PDT 2019,Sun Jul 28 02:07:01 PDT 2019,,,150,100% (1/1),100% (1/1),100% (1/1),009b,,,
3CZH926SIE6XICNGD7KL2LZDCVT4EI,3D9FS1R54K7W66JIVXP45CG3ONJ31L,Artwork Image Annotation,Annotating objects of famous artworks,"segmentation, annotation, image, polygon",$0.10,Thu Jul 25 02:03:38 PDT 2019,20,BatchId:3715396;OriginalHitTemplateId:920937340;,1800,259200,Thu Aug 01 02:03:38 PDT 2019,,,37UEWGM5HW07M1TV2XQLREMI6TD1RD,A1GUNTMI2Y61IW,Approved,Thu Jul 25 08:26:17 PDT 2019,Thu Jul 25 08:54:26 PDT 2019,Sun Jul 28 08:54:26 PDT 2019,Sun Jul 28 08:55:01 PDT 2019,,,1689,100% (2/2),100% (2/2),100% (2/2),ZCgDVlkp5,,,5
3CZH926SIE6XICNGD7KL2LZDCVT4EI,3D9FS1R54K7W66JIVXP45CG3ONJ31L,Artwork Image Annotation,Annotating objects of famous artworks,"segmentation, annotation, image, polygon",$0.10,Thu Jul 25 02:03:38 PDT 2019,20,BatchId:3715396;OriginalHitTemplateId:920937340;,1800,259200,Thu Aug 01 02:03:38 PDT 2019,,,37ZHEEHM6ZETELNVGN6YAQAF32673N,ARZ9KWKL0P8ND,Approved,Thu Jul 25 12:36:44 PDT 2019,Thu Jul 25 12:53:08 PDT 2019,Sun Jul 28 12:53:08 PDT 2019,Sun Jul 28 12:54:01 PDT 2019,,,984,100% (1/1),100% (1/1),100% (1/1),ZCgDVlkp6,,,6
3CZH926SIE6XICNGD7KL2LZDCVT4EI,3D9FS1R54K7W66JIVXP45CG3ONJ31L,Artwork Image Annotation,Annotating objects of famous artworks,"segmentation, annotation, image, polygon",$0.10,Thu Jul 25 02:03:38 PDT 2019,20,BatchId:3715396;OriginalHitTemplateId:920937340;,1800,259200,Thu Aug 01 02:03:38 PDT 2019,,,39O5D9O87WKZQ2IR74E9QC2T4BU3C5,A396GA8SHS2L41,Approved,Thu Jul 25 04:54:07 PDT 2019,Thu Jul 25 05:16:41 PDT 2019,Sun Jul 28 05:16:41 PDT 2019,Sun Jul 28 05:17:01 PDT 2019,,,1354,100% (4/4),100% (4/4),100% (4/4),ZCgDVlKp6,,,6
3CZH926SIE6XICNGD7KL2LZDCVT4EI,3D9FS1R54K7W66JIVXP45CG3ONJ31L,Artwork Image Annotation,Annotating objects of famous artworks,"segmentation, annotation, image, polygon",$0.10,Thu Jul 25 02:03:38 PDT 2019,20,BatchId:3715396;OriginalHitTemplateId:920937340;,1800,259200,Thu Aug 01 02:03:38 PDT 2019,,,3AWETUDC95KROYBKKL545G53WBFZI2,AIN29LNXRARXY,Approved,Thu Jul 25 05:45:17 PDT 2019,Thu Jul 25 05:55:15 PDT 2019,Sun Jul 28 05:55:15 PDT 2019,Sun Jul 28 05:56:01 PDT 2019,,,598,100% (8/8),100% (8/8),100% (8/8),ZCgDVlkp5,,,5
3CZH926SIE6XICNGD7KL2LZDCVT4EI,3D9FS1R54K7W66JIVXP45CG3ONJ31L,Artwork Image Annotation,Annotating objects of famous artworks,"segmentation, annotation, image, polygon",$0.10,Thu Jul 25 02:03:38 PDT 2019,20,BatchId:3715396;OriginalHitTemplateId:920937340;,1800,259200,Thu Aug 01 02:03:38 PDT 2019,,,3DIP6YHAPFK0OX8BFCF07HA758QE8Q,A2E9KS4RK6T8CW,Approved,Thu Jul 25 02:04:43 PDT 2019,Thu Jul 25 02:13:55 PDT 2019,Sun Jul 28 02:13:55 PDT 2019,Sun Jul 28 02:14:01 PDT 2019,,,552,100% (3/3),100% (3/3),100% (3/3),ZCgDVlkp5,,,5
3CZH926SIE6XICNGD7KL2LZDCVT4EI,3D9FS1R54K7W66JIVXP45CG3ONJ31L,Artwork Image Annotation,Annotating objects of famous artworks,"segmentation, annotation, image, polygon",$0.10,Thu Jul 25 02:03:38 PDT 2019,20,BatchId:3715396;OriginalHitTemplateId:920937340;,1800,259200,Thu Aug 01 02:03:38 PDT 2019,,,3K9FOBBF2KBZXA5720RN29QM30QNLA,A2HCPK7302F0V6,Approved,Thu Jul 25 02:05:44 PDT 2019,Thu Jul 25 02:14:59 PDT 2019,Sun Jul 28 02:14:59 PDT 2019,Sun Jul 28 02:15:02 PDT 2019,,,555,100% (1/1),100% (1/1),100% (1/1),ZCgDVIkp%,,,
3CZH926SIE6XICNGD7KL2LZDCVT4EI,3D9FS1R54K7W66JIVXP45CG3ONJ31L,Artwork Image Annotation,Annotating objects of famous artworks,"segmentation, annotation, image, polygon",$0.10,Thu Jul 25 02:03:38 PDT 2019,20,BatchId:3715396;OriginalHitTemplateId:920937340;,1800,259200,Thu Aug 01 02:03:38 PDT 2019,,,3KJYX6QCMC36APQG1611WB77LGRVJ5,A9C41TYGHOSWI,Approved,Thu Jul 25 08:35:20 PDT 2019,Thu Jul 25 08:43:32 PDT 2019,Sun Jul 28 08:43:32 PDT 2019,Sun Jul 28 08:44:01 PDT 2019,,,492,100% (1/1),100% (1/1),100% (1/1),ZCgDVIkp6,,,6
3CZH926SIE6XICNGD7KL2LZDCVT4EI,3D9FS1R54K7W66JIVXP45CG3ONJ31L,Artwork Image Annotation,Annotating objects of famous artworks,"segmentation, annotation, image, polygon",$0.10,Thu Jul 25 02:03:38 PDT 2019,20,BatchId:3715396;OriginalHitTemplateId:920937340;,1800,259200,Thu Aug 01 02:03:38 PDT 2019,,,3KOPY89HMBUMYGOXHWVVDGFOUVG3JW,A13JDB1LY9ZTQY,Approved,Thu Jul 25 06:58:54 PDT 2019,Thu Jul 25 07:07:36 PDT 2019,Sun Jul 28 07:07:36 PDT 2019,Sun Jul 28 07:08:01 PDT 2019,,,522,100% (2/2),100% (2/2),100% (2/2),ZCgDVlkp6,,,6
3CZH926SIE6XICNGD7KL2LZDCVT4EI,3D9FS1R54K7W66JIVXP45CG3ONJ31L,Artwork Image Annotation,Annotating objects of famous artworks,"segmentation, annotation, image, polygon",$0.10,Thu Jul 25 02:03:38 PDT 2019,20,BatchId:3715396;OriginalHitTemplateId:920937340;,1800,259200,Thu Aug 01 02:03:38 PDT 2019,,,3LS2AMNW5IIS6SLWVKZWYKPL3HUQOV,A2NVNFIOKLEEGY,Approved,Thu Jul 25 05:51:15 PDT 2019,Thu Jul 25 05:55:54 PDT 2019,Sun Jul 28 05:55:54 PDT 2019,Sun Jul 28 05:56:01 PDT 2019,,,279,100% (8/8),100% (8/8),100% (8/8),ZCgDVlkp5,,,5
3CZH926SIE6XICNGD7KL2LZDCVT4EI,3D9FS1R54K7W66JIVXP45CG3ONJ31L,Artwork Image Annotation,Annotating objects of famous artworks,"segmentation, annotation, image, polygon",$0.10,Thu Jul 25 02:03:38 PDT 2019,20,BatchId:3715396;OriginalHitTemplateId:920937340;,1800,259200,Thu Aug 01 02:03:38 PDT 2019,,,3MMN5BL1W2WCZOUIKT8NT875YOP3MC,A3ISOGMY4IZJQ8,Approved,Thu Jul 25 02:04:38 PDT 2019,Thu Jul 25 02:16:55 PDT 2019,Sun Jul 28 02:16:55 PDT 2019,Sun Jul 28 02:17:02 PDT 2019,,,737,100% (1/1),100% (1/1),100% (1/1),ZCgDVlkp5,,,5
3CZH926SIE6XICNGD7KL2LZDCVT4EI,3D9FS1R54K7W66JIVXP45CG3ONJ31L,Artwork Image Annotation,Annotating objects of famous artworks,"segmentation, annotation, image, polygon",$0.10,Thu Jul 25 02:03:38 PDT 2019,20,BatchId:3715396;OriginalHitTemplateId:920937340;,1800,259200,Thu Aug 01 02:03:38 PDT 2019,,,3NOKK93PR40HXYI2SF10ZR6TGC2EE5,A1IYWC3KVWMTYW,Approved,Thu Jul 25 06:18:32 PDT 2019,Thu Jul 25 06:18:45 PDT 2019,Sun Jul 28 06:18:45 PDT 2019,Sun Jul 28 06:19:01 PDT 2019,,,13,100% (8/8),100% (8/8),100% (8/8),zcgdvlkp8,,,8
3CZH926SIE6XICNGD7KL2LZDCVT4EI,3D9FS1R54K7W66JIVXP45CG3ONJ31L,Artwork Image Annotation,Annotating objects of famous artworks,"segmentation, annotation, image, polygon",$0.10,Thu Jul 25 02:03:38 PDT 2019,20,BatchId:3715396;OriginalHitTemplateId:920937340;,1800,259200,Thu Aug 01 02:03:38 PDT 2019,,,3PJUZCGDJ98JT1HU71ZEF39WECD98G,A1X9BD3KDIA2QB,Approved,Thu Jul 25 03:23:48 PDT 2019,Thu Jul 25 03:34:10 PDT 2019,Sun Jul 28 03:34:10 PDT 2019,Sun Jul 28 03:35:01 PDT 2019,,,622,100% (3/3),100% (3/3),100% (3/3),ZCgDVlkp5,,,5
3CZH926SIE6XICNGD7KL2LZDCVT4EI,3D9FS1R54K7W66JIVXP45CG3ONJ31L,Artwork Image Annotation,Annotating objects of famous artworks,"segmentation, annotation, image, polygon",$0.10,Thu Jul 25 02:03:38 PDT 2019,20,BatchId:3715396;OriginalHitTemplateId:920937340;,1800,259200,Thu Aug 01 02:03:38 PDT 2019,,,3PM8NZGV818F01ZOWBMSHXGEFLTXQ1,A3UMDMF589FDPZ,Approved,Thu Jul 25 04:31:39 PDT 2019,Thu Jul 25 05:01:22 PDT 2019,Sun Jul 28 05:01:22 PDT 2019,Sun Jul 28 05:02:01 PDT 2019,,,1783,100% (1/1),100% (1/1),100% (1/1),ZCgDVIKp5,,,5
3CZH926SIE6XICNGD7KL2LZDCVT4EI,3D9FS1R54K7W66JIVXP45CG3ONJ31L,Artwork Image Annotation,Annotating objects of famous artworks,"segmentation, annotation, image, polygon",$0.10,Thu Jul 25 02:03:38 PDT 2019,20,BatchId:3715396;OriginalHitTemplateId:920937340;,1800,259200,Thu Aug 01 02:03:38 PDT 2019,,,3QILPRALQ8N4I3LO8BIJX44GJ2BN8C,A3U4OZX2JOP1HD,Approved,Thu Jul 25 09:52:35 PDT 2019,Thu Jul 25 09:52:54 PDT 2019,Sun Jul 28 09:52:54 PDT 2019,Sun Jul 28 09:53:01 PDT 2019,,,19,100% (7/7),100% (7/7),100% (7/7),890034347,,,
3CZH926SIE6XICNGD7KL2LZDCVT4EI,3D9FS1R54K7W66JIVXP45CG3ONJ31L,Artwork Image Annotation,Annotating objects of famous artworks,"segmentation, annotation, image, polygon",$0.10,Thu Jul 25 02:03:38 PDT 2019,20,BatchId:3715396;OriginalHitTemplateId:920937340;,1800,259200,Thu Aug 01 02:03:38 PDT 2019,,,3SNVL38CI7K5M0QYSA687YJVFX2CKB,A25OEEJDN7EGJE,Approved,Thu Jul 25 08:04:07 PDT 2019,Thu Jul 25 08:30:52 PDT 2019,Sun Jul 28 08:30:52 PDT 2019,Sun Jul 28 08:31:01 PDT 2019,,,1605,100% (1/1),100% (1/1),100% (1/1),ZCgDVlkp6,,,6
3CZH926SIE6XICNGD7KL2LZDCVT4EI,3D9FS1R54K7W66JIVXP45CG3ONJ31L,Artwork Image Annotation,Annotating objects of famous artworks,"segmentation, annotation, image, polygon",$0.10,Thu Jul 25 02:03:38 PDT 2019,20,BatchId:3715396;OriginalHitTemplateId:920937340;,1800,259200,Thu Aug 01 02:03:38 PDT 2019,,,3STRJBFXOZJM8HS9EW1YW8JZ3JHTKQ,A275STSZHFODG6,Approved,Thu Jul 25 05:24:13 PDT 2019,Thu Jul 25 05:24:17 PDT 2019,Sun Jul 28 05:24:17 PDT 2019,Sun Jul 28 05:25:01 PDT 2019,,,4,100% (8/8),100% (8/8),100% (8/8),945311,,,
3CZH926SIE6XICNGD7KL2LZDCVT4EI,3D9FS1R54K7W66JIVXP45CG3ONJ31L,Artwork Image Annotation,Annotating objects of famous artworks,"segmentation, annotation, image, polygon",$0.10,Thu Jul 25 02:03:38 PDT 2019,20,BatchId:3715396;OriginalHitTemplateId:920937340;,1800,259200,Thu Aug 01 02:03:38 PDT 2019,,,3X65QVEQI3FG668GDAI9MYWA4WDCLI,A1STWPAYOSCOSH,Approved,Thu Jul 25 02:19:59 PDT 2019,Thu Jul 25 02:32:04 PDT 2019,Sun Jul 28 02:32:04 PDT 2019,Sun Jul 28 02:33:01 PDT 2019,,,725,100% (1/1),100% (1/1),100% (1/1),ZCgDVlkp5,,,5
3CZH926SIE6XICNGD7KL2LZDCVT4EI,3D9FS1R54K7W66JIVXP45CG3ONJ31L,Artwork Image Annotation,Annotating objects of famous artworks,"segmentation, annotation, image, polygon",$0.10,Thu Jul 25 02:03:38 PDT 2019,20,BatchId:3715396;OriginalHitTemplateId:920937340;,1800,259200,Thu Aug 01 02:03:38 PDT 2019,,,3ZWFC4W1UXZYCGN39W56GGQC72YFRS,A3TAM79PCXOLXI,Approved,Thu Jul 25 03:56:26 PDT 2019,Thu Jul 25 04:03:19 PDT 2019,Sun Jul 28 04:03:19 PDT 2019,Sun Jul 28 04:04:01 PDT 2019,,,413,100% (7/7),100% (7/7),100% (7/7),ZCgDVlkp5,,,5
3W1K7D6QSD9FE6ZLO98LV961ATJBZ1,3D9FS1R54K7W66JIVXP45CG3ONJ31L,Artwork Image Annotation,Annotating objects of famous artworks,"segmentation, annotation, image, polygon",$0.10,Thu Jul 25 02:03:55 PDT 2019,20,BatchId:3715397;OriginalHitTemplateId:920937340;,1800,259200,Thu Aug 01 02:03:55 PDT 2019,,,30LB5CDZNF2GH3U4GVGYZC57AGO0ZW,AYLD14EI9Q925,Approved,Thu Jul 25 02:21:33 PDT 2019,Thu Jul 25 02:22:05 PDT 2019,Sun Jul 28 02:22:05 PDT 2019,Sun Jul 28 02:23:01 PDT 2019,,,32,100% (1/1),100% (1/1),100% (1/1),98808,,,
3W1K7D6QSD9FE6ZLO98LV961ATJBZ1,3D9FS1R54K7W66JIVXP45CG3ONJ31L,Artwork Image Annotation,Annotating objects of famous artworks,"segmentation, annotation, image, polygon",$0.10,Thu Jul 25 02:03:55 PDT 2019,20,BatchId:3715397;OriginalHitTemplateId:920937340;,1800,259200,Thu Aug 01 02:03:55 PDT 2019,,,31JLPPHS2XM0ZRFUX9N0LCWATO43OR,AIN29LNXRARXY,Approved,Thu Jul 25 02:04:50 PDT 2019,Thu Jul 25 02:27:41 PDT 2019,Sun Jul 28 02:27:41 PDT 2019,Sun Jul 28 02:28:02 PDT 2019,,,1371,100% (8/8),100% (8/8),100% (8/8),ZCgDVlkp6,,,6
3W1K7D6QSD9FE6ZLO98LV961ATJBZ1,3D9FS1R54K7W66JIVXP45CG3ONJ31L,Artwork Image Annotation,Annotating objects of famous artworks,"segmentation, annotation, image, polygon",$0.10,Thu Jul 25 02:03:55 PDT 2019,20,BatchId:3715397;OriginalHitTemplateId:920937340;,1800,259200,Thu Aug 01 02:03:55 PDT 2019,,,31Q0U3WYDS7X4I9GTJSFMXVI5HY71Z,A2LFTKO7M656M0,Approved,Thu Jul 25 09:41:37 PDT 2019,Thu Jul 25 09:45:47 PDT 2019,Sun Jul 28 09:45:47 PDT 2019,Sun Jul 28 09:46:01 PDT 2019,,,250,100% (1/1),100% (1/1),100% (1/1),A2LFTKO7M656M0,,,
3W1K7D6QSD9FE6ZLO98LV961ATJBZ1,3D9FS1R54K7W66JIVXP45CG3ONJ31L,Artwork Image Annotation,Annotating objects of famous artworks,"segmentation, annotation, image, polygon",$0.10,Thu Jul 25 02:03:55 PDT 2019,20,BatchId:3715397;OriginalHitTemplateId:920937340;,1800,259200,Thu Aug 01 02:03:55 PDT 2019,,,32N49TQG3JAV9WNC70OO3C4OVSEVA4,A2OMYDY8G8PNJE,Approved,Thu Jul 25 06:58:29 PDT 2019,Thu Jul 25 07:06:21 PDT 2019,Sun Jul 28 07:06:21 PDT 2019,Sun Jul 28 07:07:01 PDT 2019,,,472,100% (4/4),100% (4/4),100% (4/4),ZCgDVlkp6,,,6
3W1K7D6QSD9FE6ZLO98LV961ATJBZ1,3D9FS1R54K7W66JIVXP45CG3ONJ31L,Artwork Image Annotation,Annotating objects of famous artworks,"segmentation, annotation, image, polygon",$0.10,Thu Jul 25 02:03:55 PDT 2019,20,BatchId:3715397;OriginalHitTemplateId:920937340;,1800,259200,Thu Aug 01 02:03:55 PDT 2019,,,384PI804XVTJGR8QL3MQ3J84N2Y0S3,A275STSZHFODG6,Approved,Thu Jul 25 05:24:25 PDT 2019,Thu Jul 25 05:24:28 PDT 2019,Sun Jul 28 05:24:28 PDT 2019,Sun Jul 28 05:25:01 PDT 2019,,,3,100% (8/8),100% (8/8),100% (8/8),2224,,,
3W1K7D6QSD9FE6ZLO98LV961ATJBZ1,3D9FS1R54K7W66JIVXP45CG3ONJ31L,Artwork Image Annotation,Annotating objects of famous artworks,"segmentation, annotation, image, polygon",$0.10,Thu Jul 25 02:03:55 PDT 2019,20,BatchId:3715397;OriginalHitTemplateId:920937340;,1800,259200,Thu Aug 01 02:03:55 PDT 2019,,,3E4GGUZ1TBJSOIYWVHH2VLA937F2KK,A3U4OZX2JOP1HD,Approved,Thu Jul 25 09:52:54 PDT 2019,Thu Jul 25 09:53:16 PDT 2019,Sun Jul 28 09:53:16 PDT 2019,Sun Jul 28 09:54:01 PDT 2019,,,22,100% (7/7),100% (7/7),100% (7/7),390420489,,,
3W1K7D6QSD9FE6ZLO98LV961ATJBZ1,3D9FS1R54K7W66JIVXP45CG3ONJ31L,Artwork Image Annotation,Annotating objects of famous artworks,"segmentation, annotation, image, polygon",$0.10,Thu Jul 25 02:03:55 PDT 2019,20,BatchId:3715397;OriginalHitTemplateId:920937340;,1800,259200,Thu Aug 01 02:03:55 PDT 2019,,,3GD6L00D3VPGPLG3XPU45FS805FM19,A3TAM79PCXOLXI,Approved,Thu Jul 25 03:48:21 PDT 2019,Thu Jul 25 03:56:25 PDT 2019,Sun Jul 28 03:56:25 PDT 2019,Sun Jul 28 03:57:02 PDT 2019,,,484,100% (7/7),100% (7/7),100% (7/7),ZCgDVlkp5,,,5
3W1K7D6QSD9FE6ZLO98LV961ATJBZ1,3D9FS1R54K7W66JIVXP45CG3ONJ31L,Artwork Image Annotation,Annotating objects of famous artworks,"segmentation, annotation, image, polygon",$0.10,Thu Jul 25 02:03:55 PDT 2019,20,BatchId:3715397;OriginalHitTemplateId:920937340;,1800,259200,Thu Aug 01 02:03:55 PDT 2019,,,3I3WADAZ9TW3D62YBSBT09UU7L5O5E,A3CPXID0CCAPS0,Approved,Thu Jul 25 05:23:51 PDT 2019,Thu Jul 25 05:34:08 PDT 2019,Sun Jul 28 05:34:08 PDT 2019,Sun Jul 28 05:35:01 PDT 2019,,,617,100% (1/1),100% (1/1),100% (1/1),ZCgDVIkp5,,,5
3W1K7D6QSD9FE6ZLO98LV961ATJBZ1,3D9FS1R54K7W66JIVXP45CG3ONJ31L,Artwork Image Annotation,Annotating objects of famous artworks,"segmentation, annotation, image, polygon",$0.10,Thu Jul 25 02:03:55 PDT 2019,20,BatchId:3715397;OriginalHitTemplateId:920937340;,1800,259200,Thu Aug 01 02:03:55 PDT 2019,,,3IAS3U3I0I8RVFU2P449WIRJGBM2BC,A2E9KS4RK6T8CW,Approved,Thu Jul 25 02:14:21 PDT 2019,Thu Jul 25 02:19:03 PDT 2019,Sun Jul 28 02:19:03 PDT 2019,Sun Jul 28 02:20:01 PDT 2019,,,282,100% (3/3),100% (3/3),100% (3/3),ZCgDVlkp6,,,6
3W1K7D6QSD9FE6ZLO98LV961ATJBZ1,3D9FS1R54K7W66JIVXP45CG3ONJ31L,Artwork Image Annotation,Annotating objects of famous artworks,"segmentation, annotation, image, polygon",$0.10,Thu Jul 25 02:03:55 PDT 2019,20,BatchId:3715397;OriginalHitTemplateId:920937340;,1800,259200,Thu Aug 01 02:03:55 PDT 2019,,,3JWH6J9I9V5NK1JVBN2TO6UHR9EBNJ,AOV97Z3YMKLAQ,Approved,Thu Jul 25 11:33:18 PDT 2019,Thu Jul 25 11:39:27 PDT 2019,Sun Jul 28 11:39:27 PDT 2019,Sun Jul 28 11:40:01 PDT 2019,,,369,100% (5/5),100% (5/5),100% (5/5),ZCgDVIkp5,,,5
3W1K7D6QSD9FE6ZLO98LV961ATJBZ1,3D9FS1R54K7W66JIVXP45CG3ONJ31L,Artwork Image Annotation,Annotating objects of famous artworks,"segmentation, annotation, image, polygon",$0.10,Thu Jul 25 02:03:55 PDT 2019,20,BatchId:3715397;OriginalHitTemplateId:920937340;,1800,259200,Thu Aug 01 02:03:55 PDT 2019,,,3N4BPTXIOBK18U7YE1R81451MX8KUS,A3168WVUAPEYY,Approved,Thu Jul 25 07:44:12 PDT 2019,Thu Jul 25 07:51:52 PDT 2019,Sun Jul 28 07:51:52 PDT 2019,Sun Jul 28 07:52:01 PDT 2019,,,460,100% (1/1),100% (1/1),100% (1/1),ZCgDVlkp5,,,5
3W1K7D6QSD9FE6ZLO98LV961ATJBZ1,3D9FS1R54K7W66JIVXP45CG3ONJ31L,Artwork Image Annotation,Annotating objects of famous artworks,"segmentation, annotation, image, polygon",$0.10,Thu Jul 25 02:03:55 PDT 2019,20,BatchId:3715397;OriginalHitTemplateId:920937340;,1800,259200,Thu Aug 01 02:03:55 PDT 2019,,,3NVC2EB65TRCT5JW3WWYN3UC7ZBY37,A1X9BD3KDIA2QB,Approved,Thu Jul 25 04:54:10 PDT 2019,Thu Jul 25 04:58:09 PDT 2019,Sun Jul 28 04:58:09 PDT 2019,Sun Jul 28 04:59:01 PDT 2019,,,239,100% (3/3),100% (3/3),100% (3/3),ZCgDVlkp5,,,5
3W1K7D6QSD9FE6ZLO98LV961ATJBZ1,3D9FS1R54K7W66JIVXP45CG3ONJ31L,Artwork Image Annotation,Annotating objects of famous artworks,"segmentation, annotation, image, polygon",$0.10,Thu Jul 25 02:03:55 PDT 2019,20,BatchId:3715397;OriginalHitTemplateId:920937340;,1800,259200,Thu Aug 01 02:03:55 PDT 2019,,,3OONKJ5DKFB52MJ7C2263VUMHI2OBS,A2CMKZJ3SOEM5Z,Approved,Thu Jul 25 10:07:28 PDT 2019,Thu Jul 25 10:07:35 PDT 2019,Sun Jul 28 10:07:35 PDT 2019,Sun Jul 28 10:08:01 PDT 2019,,,7,100% (5/5),100% (5/5),100% (5/5),7372020,,,
3W1K7D6QSD9FE6ZLO98LV961ATJBZ1,3D9FS1R54K7W66JIVXP45CG3ONJ31L,Artwork Image Annotation,Annotating objects of famous artworks,"segmentation, annotation, image, polygon",$0.10,Thu Jul 25 02:03:55 PDT 2019,20,BatchId:3715397;OriginalHitTemplateId:920937340;,1800,259200,Thu Aug 01 02:03:55 PDT 2019,,,3OVR4I9USSBO2ZBEC0KNKMJGMQU4QZ,A2NVNFIOKLEEGY,Approved,Thu Jul 25 05:46:05 PDT 2019,Thu Jul 25 05:51:07 PDT 2019,Sun Jul 28 05:51:07 PDT 2019,Sun Jul 28 05:52:01 PDT 2019,,,302,100% (8/8),100% (8/8),100% (8/8),ZCgDVlkp6,,,6
3W1K7D6QSD9FE6ZLO98LV961ATJBZ1,3D9FS1R54K7W66JIVXP45CG3ONJ31L,Artwork Image Annotation,Annotating objects of famous artworks,"segmentation, annotation, image, polygon",$0.10,Thu Jul 25 02:03:55 PDT 2019,20,BatchId:3715397;OriginalHitTemplateId:920937340;,1800,259200,Thu Aug 01 02:03:55 PDT 2019,,,3RYC5T2D76LA3TCXNZ1BSA4G98RPRB,A2ESU5YE950P4O,Approved,Thu Jul 25 05:36:22 PDT 2019,Thu Jul 25 05:36:31 PDT 2019,Sun Jul 28 05:36:31 PDT 2019,Sun Jul 28 05:37:01 PDT 2019,,,9,100% (2/2),100% (2/2),100% (2/2),A2ESU5YE950P4O,,,
3W1K7D6QSD9FE6ZLO98LV961ATJBZ1,3D9FS1R54K7W66JIVXP45CG3ONJ31L,Artwork Image Annotation,Annotating objects of famous artworks,"segmentation, annotation, image, polygon",$0.10,Thu Jul 25 02:03:55 PDT 2019,20,BatchId:3715397;OriginalHitTemplateId:920937340;,1800,259200,Thu Aug 01 02:03:55 PDT 2019,,,3TMSXRD2X9SCUXAH1R0REDUZY7RW18,A1CJ8CLM7987EQ,Approved,Thu Jul 25 03:00:31 PDT 2019,Thu Jul 25 03:02:28 PDT 2019,Sun Jul 28 03:02:28 PDT 2019,Sun Jul 28 03:03:01 PDT 2019,,,117,100% (7/7),100% (7/7),100% (7/7),7CgDVlkp5,,,5
3W1K7D6QSD9FE6ZLO98LV961ATJBZ1,3D9FS1R54K7W66JIVXP45CG3ONJ31L,Artwork Image Annotation,Annotating objects of famous artworks,"segmentation, annotation, image, polygon",$0.10,Thu Jul 25 02:03:55 PDT 2019,20,BatchId:3715397;OriginalHitTemplateId:920937340;,1800,259200,Thu Aug 01 02:03:55 PDT 2019,,,3UOUJI6MTG67SU65DK6XRYD3I6VXU2,A2HC04434S9TP0,Approved,Thu Jul 25 03:11:50 PDT 2019,Thu Jul 25 03:18:57 PDT 2019,Sun Jul 28 03:18:57 PDT 2019,Sun Jul 28 03:19:03 PDT 2019,,,427,100% (8/8),100% (8/8),100% (8/8),ZCgDVlkp5,,,5
3W1K7D6QSD9FE6ZLO98LV961ATJBZ1,3D9FS1R54K7W66JIVXP45CG3ONJ31L,Artwork Image Annotation,Annotating objects of famous artworks,"segmentation, annotation, image, polygon",$0.10,Thu Jul 25 02:03:55 PDT 2019,20,BatchId:3715397;OriginalHitTemplateId:920937340;,1800,259200,Thu Aug 01 02:03:55 PDT 2019,,,3WQQ9FUS6DM2HUWR5LDA694M2DBB8P,A2M3QMJC99DERS,Approved,Thu Jul 25 11:18:32 PDT 2019,Thu Jul 25 11:25:10 PDT 2019,Sun Jul 28 11:25:10 PDT 2019,Sun Jul 28 11:26:01 PDT 2019,,,398,100% (4/4),100% (4/4),100% (4/4),ZCgDVlkp7,,,7
3W1K7D6QSD9FE6ZLO98LV961ATJBZ1,3D9FS1R54K7W66JIVXP45CG3ONJ31L,Artwork Image Annotation,Annotating objects of famous artworks,"segmentation, annotation, image, polygon",$0.10,Thu Jul 25 02:03:55 PDT 2019,20,BatchId:3715397;OriginalHitTemplateId:920937340;,1800,259200,Thu Aug 01 02:03:55 PDT 2019,,,3X0H8UUIT4GCOH9BEAFBAEH8O7CWS0,A2C8QIT0DJRCHN,Approved,Thu Jul 25 05:21:03 PDT 2019,Thu Jul 25 05:46:19 PDT 2019,Sun Jul 28 05:46:19 PDT 2019,Sun Jul 28 05:47:01 PDT 2019,,,1516,100% (1/1),100% (1/1),100% (1/1),ZCgDVlkp5,,,5
3W1K7D6QSD9FE6ZLO98LV961ATJBZ1,3D9FS1R54K7W66JIVXP45CG3ONJ31L,Artwork Image Annotation,Annotating objects of famous artworks,"segmentation, annotation, image, polygon",$0.10,Thu Jul 25 02:03:55 PDT 2019,20,BatchId:3715397;OriginalHitTemplateId:920937340;,1800,259200,Thu Aug 01 02:03:55 PDT 2019,,,3Z4GS9HPNY2BF4OIIZ9ON7MV82U77Q,A1IYWC3KVWMTYW,Approved,Thu Jul 25 06:19:43 PDT 2019,Thu Jul 25 06:19:56 PDT 2019,Sun Jul 28 06:19:56 PDT 2019,Sun Jul 28 06:20:01 PDT 2019,,,13,100% (8/8),100% (8/8),100% (8/8),zcgdvlkp12,,,12
3FULMHZ7OWPVU0FTU584FT4MLXKM4P,3D9FS1R54K7W66JIVXP45CG3ONJ31L,Artwork Image Annotation,Annotating objects of famous artworks,"segmentation, annotation, image, polygon",$0.10,Thu Jul 25 02:04:10 PDT 2019,20,BatchId:3715398;OriginalHitTemplateId:920937340;,1800,259200,Thu Aug 01 02:04:10 PDT 2019,,,33OOO72IVKD4PJGLMJK08P6RYA8TCD,A275STSZHFODG6,Approved,Thu Jul 25 05:23:54 PDT 2019,Thu Jul 25 05:24:05 PDT 2019,Sun Jul 28 05:24:05 PDT 2019,Sun Jul 28 05:25:01 PDT 2019,,,11,100% (8/8),100% (8/8),100% (8/8),5653,,,
3FULMHZ7OWPVU0FTU584FT4MLXKM4P,3D9FS1R54K7W66JIVXP45CG3ONJ31L,Artwork Image Annotation,Annotating objects of famous artworks,"segmentation, annotation, image, polygon",$0.10,Thu Jul 25 02:04:10 PDT 2019,20,BatchId:3715398;OriginalHitTemplateId:920937340;,1800,259200,Thu Aug 01 02:04:10 PDT 2019,,,34Q075JO105JM79W8K767ILVX25013,A3EQKTEL74N09A,Approved,Thu Jul 25 07:47:20 PDT 2019,Thu Jul 25 07:55:21 PDT 2019,Sun Jul 28 07:55:21 PDT 2019,Sun Jul 28 07:56:01 PDT 2019,,,481,100% (1/1),100% (1/1),100% (1/1),ZCgDVlkp5,,,5
3FULMHZ7OWPVU0FTU584FT4MLXKM4P,3D9FS1R54K7W66JIVXP45CG3ONJ31L,Artwork Image Annotation,Annotating objects of famous artworks,"segmentation, annotation, image, polygon",$0.10,Thu Jul 25 02:04:10 PDT 2019,20,BatchId:3715398;OriginalHitTemplateId:920937340;,1800,259200,Thu Aug 01 02:04:10 PDT 2019,,,35K3O9HUAE593CIYNQL6H9RTSDEFEL,A3LRE22F3AHPQ2,Approved,Thu Jul 25 05:36:32 PDT 2019,Thu Jul 25 05:53:25 PDT 2019,Sun Jul 28 05:53:25 PDT 2019,Sun Jul 28 05:54:01 PDT 2019,,,1013,100% (2/2),100% (2/2),100% (2/2),365214,,,
3FULMHZ7OWPVU0FTU584FT4MLXKM4P,3D9FS1R54K7W66JIVXP45CG3ONJ31L,Artwork Image Annotation,Annotating objects of famous artworks,"segmentation, annotation, image, polygon",$0.10,Thu Jul 25 02:04:10 PDT 2019,20,BatchId:3715398;OriginalHitTemplateId:920937340;,1800,259200,Thu Aug 01 02:04:10 PDT 2019,,,35USIKEBNU8HEP20FWLLDQ8PD6VN6Y,A13JDB1LY9ZTQY,Approved,Thu Jul 25 07:46:58 PDT 2019,Thu Jul 25 07:51:35 PDT 2019,Sun Jul 28 07:51:35 PDT 2019,Sun Jul 28 07:52:01 PDT 2019,,,277,100% (2/2),100% (2/2),100% (2/2),ZCgDVlkp5,,,5
3FULMHZ7OWPVU0FTU584FT4MLXKM4P,3D9FS1R54K7W66JIVXP45CG3ONJ31L,Artwork Image Annotation,Annotating objects of famous artworks,"segmentation, annotation, image, polygon",$0.10,Thu Jul 25 02:04:10 PDT 2019,20,BatchId:3715398;OriginalHitTemplateId:920937340;,1800,259200,Thu Aug 01 02:04:10 PDT 2019,,,36H9ULYP65MHES4Q1RWXEP4LXL3JF3,A2MOY7J4GG5CW8,Approved,Thu Jul 25 04:14:14 PDT 2019,Thu Jul 25 04:31:19 PDT 2019,Sun Jul 28 04:31:19 PDT 2019,Sun Jul 28 04:32:01 PDT 2019,,,1025,100% (4/4),100% (4/4),100% (4/4),ZCgDVlkp5,,,5
3FULMHZ7OWPVU0FTU584FT4MLXKM4P,3D9FS1R54K7W66JIVXP45CG3ONJ31L,Artwork Image Annotation,Annotating objects of famous artworks,"segmentation, annotation, image, polygon",$0.10,Thu Jul 25 02:04:10 PDT 2019,20,BatchId:3715398;OriginalHitTemplateId:920937340;,1800,259200,Thu Aug 01 02:04:10 PDT 2019,,,3907X2AHF3XTZ9VC89MAR2W8XF1P2K,A35Q0ZG3C7ZFP,Approved,Thu Jul 25 02:34:24 PDT 2019,Thu Jul 25 03:03:00 PDT 2019,Sun Jul 28 03:03:00 PDT 2019,Sun Jul 28 03:03:03 PDT 2019,,,1716,100% (1/1),100% (1/1),100% (1/1),ZCgDVlkp9,,,9
3FULMHZ7OWPVU0FTU584FT4MLXKM4P,3D9FS1R54K7W66JIVXP45CG3ONJ31L,Artwork Image Annotation,Annotating objects of famous artworks,"segmentation, annotation, image, polygon",$0.10,Thu Jul 25 02:04:10 PDT 2019,20,BatchId:3715398;OriginalHitTemplateId:920937340;,1800,259200,Thu Aug 01 02:04:10 PDT 2019,,,3FTOP5WARIGQHOP0Y9DCBIHHRIB0JB,A1Q995BGGPBDMB,Approved,Thu Jul 25 02:19:49 PDT 2019,Thu Jul 25 02:28:59 PDT 2019,Sun Jul 28 02:28:59 PDT 2019,Sun Jul 28 02:29:03 PDT 2019,,,550,100% (1/1),100% (1/1),100% (1/1),ZCgDVlkp5,,,5
3FULMHZ7OWPVU0FTU584FT4MLXKM4P,3D9FS1R54K7W66JIVXP45CG3ONJ31L,Artwork Image Annotation,Annotating objects of famous artworks,"segmentation, annotation, image, polygon",$0.10,Thu Jul 25 02:04:10 PDT 2019,20,BatchId:3715398;OriginalHitTemplateId:920937340;,1800,259200,Thu Aug 01 02:04:10 PDT 2019,,,3GLB5JMZF0NAP60T2FG4TC9KTGDDGP,A2NVNFIOKLEEGY,Approved,Thu Jul 25 05:25:49 PDT 2019,Thu Jul 25 05:35:10 PDT 2019,Sun Jul 28 05:35:10 PDT 2019,Sun Jul 28 05:36:01 PDT 2019,,,561,100% (8/8),100% (8/8),100% (8/8),ZcgDVlkp6,,,6
3FULMHZ7OWPVU0FTU584FT4MLXKM4P,3D9FS1R54K7W66JIVXP45CG3ONJ31L,Artwork Image Annotation,Annotating objects of famous artworks,"segmentation, annotation, image, polygon",$0.10,Thu Jul 25 02:04:10 PDT 2019,20,BatchId:3715398;OriginalHitTemplateId:920937340;,1800,259200,Thu Aug 01 02:04:10 PDT 2019,,,3JZQSN0I3T27NQEPTLBUHCC55TVFG4,A1IYWC3KVWMTYW,Approved,Thu Jul 25 06:07:14 PDT 2019,Thu Jul 25 06:13:48 PDT 2019,Sun Jul 28 06:13:48 PDT 2019,Sun Jul 28 06:14:01 PDT 2019,,,394,100% (8/8),100% (8/8),100% (8/8),zcgdvlkp5,,,5
3FULMHZ7OWPVU0FTU584FT4MLXKM4P,3D9FS1R54K7W66JIVXP45CG3ONJ31L,Artwork Image Annotation,Annotating objects of famous artworks,"segmentation, annotation, image, polygon",$0.10,Thu Jul 25 02:04:10 PDT 2019,20,BatchId:3715398;OriginalHitTemplateId:920937340;,1800,259200,Thu Aug 01 02:04:10 PDT 2019,,,3NPI0JQDARXNJ8PPRO66SP5YXTGTPK,A3TAM79PCXOLXI,Approved,Thu Jul 25 03:24:22 PDT 2019,Thu Jul 25 03:34:17 PDT 2019,Sun Jul 28 03:34:17 PDT 2019,Sun Jul 28 03:35:01 PDT 2019,,,595,100% (7/7),100% (7/7),100% (7/7),ZCgDVlkp5,,,5
3FULMHZ7OWPVU0FTU584FT4MLXKM4P,3D9FS1R54K7W66JIVXP45CG3ONJ31L,Artwork Image Annotation,Annotating objects of famous artworks,"segmentation, annotation, image, polygon",$0.10,Thu Jul 25 02:04:10 PDT 2019,20,BatchId:3715398;OriginalHitTemplateId:920937340;,1800,259200,Thu Aug 01 02:04:10 PDT 2019,,,3OS4RQUCRC7BW96EDZJGG1L8PGSBF8,A1CJ8CLM7987EQ,Approved,Thu Jul 25 02:53:07 PDT 2019,Thu Jul 25 02:55:20 PDT 2019,Sun Jul 28 02:55:20 PDT 2019,Sun Jul 28 02:56:01 PDT 2019,,,133,100% (7/7),100% (7/7),100% (7/7),7CgDVlkp5,,,5
3FULMHZ7OWPVU0FTU584FT4MLXKM4P,3D9FS1R54K7W66JIVXP45CG3ONJ31L,Artwork Image Annotation,Annotating objects of famous artworks,"segmentation, annotation, image, polygon",$0.10,Thu Jul 25 02:04:10 PDT 2019,20,BatchId:3715398;OriginalHitTemplateId:920937340;,1800,259200,Thu Aug 01 02:04:10 PDT 2019,,,3OUYGIZWRAQM3ZSYTMIW8E3T0II0PE,A2HC04434S9TP0,Approved,Thu Jul 25 02:48:08 PDT 2019,Thu Jul 25 02:53:50 PDT 2019,Sun Jul 28 02:53:50 PDT 2019,Sun Jul 28 02:54:02 PDT 2019,,,342,100% (8/8),100% (8/8),100% (8/8),ZCgDVlkp5,,,5
3FULMHZ7OWPVU0FTU584FT4MLXKM4P,3D9FS1R54K7W66JIVXP45CG3ONJ31L,Artwork Image Annotation,Annotating objects of famous artworks,"segmentation, annotation, image, polygon",$0.10,Thu Jul 25 02:04:10 PDT 2019,20,BatchId:3715398;OriginalHitTemplateId:920937340;,1800,259200,Thu Aug 01 02:04:10 PDT 2019,,,3TE3O857330EBMBRL1QZWXWNYYS2RU,A1XE0681ZUHE07,Approved,Thu Jul 25 03:36:28 PDT 2019,Thu Jul 25 03:37:44 PDT 2019,Sun Jul 28 03:37:44 PDT 2019,Sun Jul 28 03:38:02 PDT 2019,,,76,100% (1/1),100% (1/1),100% (1/1),http://ec2-18-217-59-91.us-east-2.compute.amazonaws.com//LabelMeAnnotationTool/index_t_2.html?img_id=11,,,
3FULMHZ7OWPVU0FTU584FT4MLXKM4P,3D9FS1R54K7W66JIVXP45CG3ONJ31L,Artwork Image Annotation,Annotating objects of famous artworks,"segmentation, annotation, image, polygon",$0.10,Thu Jul 25 02:04:10 PDT 2019,20,BatchId:3715398;OriginalHitTemplateId:920937340;,1800,259200,Thu Aug 01 02:04:10 PDT 2019,,,3TK8OJTYM4D2W0TEWJ6LT7TJUEEVPK,A3O9QZA6B3CY7U,Approved,Thu Jul 25 07:01:19 PDT 2019,Thu Jul 25 07:14:02 PDT 2019,Sun Jul 28 07:14:02 PDT 2019,Sun Jul 28 07:15:01 PDT 2019,,,763,100% (2/2),100% (2/2),100% (2/2),ZCgDVlKp5,,,5
3FULMHZ7OWPVU0FTU584FT4MLXKM4P,3D9FS1R54K7W66JIVXP45CG3ONJ31L,Artwork Image Annotation,Annotating objects of famous artworks,"segmentation, annotation, image, polygon",$0.10,Thu Jul 25 02:04:10 PDT 2019,20,BatchId:3715398;OriginalHitTemplateId:920937340;,1800,259200,Thu Aug 01 02:04:10 PDT 2019,,,3TY7ZAOG5ICLS8VIGUDOCXHU68D0KE,AXPUKBI6UNZY,Approved,Thu Jul 25 03:11:14 PDT 2019,Thu Jul 25 03:22:26 PDT 2019,Sun Jul 28 03:22:26 PDT 2019,Sun Jul 28 03:23:02 PDT 2019,,,672,100% (1/1),100% (1/1),100% (1/1),ZCgDVlkp7,,,7
3FULMHZ7OWPVU0FTU584FT4MLXKM4P,3D9FS1R54K7W66JIVXP45CG3ONJ31L,Artwork Image Annotation,Annotating objects of famous artworks,"segmentation, annotation, image, polygon",$0.10,Thu Jul 25 02:04:10 PDT 2019,20,BatchId:3715398;OriginalHitTemplateId:920937340;,1800,259200,Thu Aug 01 02:04:10 PDT 2019,,,3VAR3R6G1STM0OL09QIWCT4L9CZO8B,A2LD0G04R6MNX7,Approved,Thu Jul 25 08:29:52 PDT 2019,Thu Jul 25 08:40:19 PDT 2019,Sun Jul 28 08:40:19 PDT 2019,Sun Jul 28 08:41:01 PDT 2019,,,627,100% (1/1),100% (1/1),100% (1/1),ZCgDVlkp5,,,5
3FULMHZ7OWPVU0FTU584FT4MLXKM4P,3D9FS1R54K7W66JIVXP45CG3ONJ31L,Artwork Image Annotation,Annotating objects of famous artworks,"segmentation, annotation, image, polygon",$0.10,Thu Jul 25 02:04:10 PDT 2019,20,BatchId:3715398;OriginalHitTemplateId:920937340;,1800,259200,Thu Aug 01 02:04:10 PDT 2019,,,3VHP9MDGRQCU6EYKRZFBRLRQ714CFS,A2OMYDY8G8PNJE,Approved,Thu Jul 25 06:19:59 PDT 2019,Thu Jul 25 06:32:34 PDT 2019,Sun Jul 28 06:32:34 PDT 2019,Sun Jul 28 06:33:01 PDT 2019,,,755,100% (4/4),100% (4/4),100% (4/4),ZCgDVlkp5,,,5
3FULMHZ7OWPVU0FTU584FT4MLXKM4P,3D9FS1R54K7W66JIVXP45CG3ONJ31L,Artwork Image Annotation,Annotating objects of famous artworks,"segmentation, annotation, image, polygon",$0.10,Thu Jul 25 02:04:10 PDT 2019,20,BatchId:3715398;OriginalHitTemplateId:920937340;,1800,259200,Thu Aug 01 02:04:10 PDT 2019,,,3VZLGYJEYO2OET0FJ7558QSIKOBXZS,A1ECTJEANEJ8IU,Approved,Thu Jul 25 03:41:36 PDT 2019,Thu Jul 25 03:53:51 PDT 2019,Sun Jul 28 03:53:51 PDT 2019,Sun Jul 28 03:54:03 PDT 2019,,,735,100% (1/1),100% (1/1),100% (1/1),ZCgDVkp6,,,6
3FULMHZ7OWPVU0FTU584FT4MLXKM4P,3D9FS1R54K7W66JIVXP45CG3ONJ31L,Artwork Image Annotation,Annotating objects of famous artworks,"segmentation, annotation, image, polygon",$0.10,Thu Jul 25 02:04:10 PDT 2019,20,BatchId:3715398;OriginalHitTemplateId:920937340;,1800,259200,Thu Aug 01 02:04:10 PDT 2019,,,3W8CV64QJ5RCMCINA5TKSG2VHV9H99,AIN29LNXRARXY,Approved,Thu Jul 25 05:01:34 PDT 2019,Thu Jul 25 05:07:51 PDT 2019,Sun Jul 28 05:07:51 PDT 2019,Sun Jul 28 05:08:01 PDT 2019,,,377,100% (8/8),100% (8/8),100% (8/8),ZCgDVlkp5,,,5
3FULMHZ7OWPVU0FTU584FT4MLXKM4P,3D9FS1R54K7W66JIVXP45CG3ONJ31L,Artwork Image Annotation,Annotating objects of famous artworks,"segmentation, annotation, image, polygon",$0.10,Thu Jul 25 02:04:10 PDT 2019,20,BatchId:3715398;OriginalHitTemplateId:920937340;,1800,259200,Thu Aug 01 02:04:10 PDT 2019,,,3WMOAN2SREP2TFH1G4TTPIOOUZ3NV6,A267H808C339ZQ,Approved,Thu Jul 25 05:42:50 PDT 2019,Thu Jul 25 05:57:01 PDT 2019,Sun Jul 28 05:57:01 PDT 2019,Sun Jul 28 05:58:01 PDT 2019,,,851,100% (1/1),100% (1/1),100% (1/1),ZCgDVlkp5,,,5
3PUOXASB59VWQDKOQPUP43BBMTG9ZP,3D9FS1R54K7W66JIVXP45CG3ONJ31L,Artwork Image Annotation,Annotating objects of famous artworks,"segmentation, annotation, image, polygon",$0.10,Thu Jul 25 02:04:27 PDT 2019,20,BatchId:3715399;OriginalHitTemplateId:920937340;,1800,259200,Thu Aug 01 02:04:27 PDT 2019,,,3R2UR8A0ID8CFPM8HYUOSSLE0KBXOT,A115BHSWY8R1KU,Approved,Thu Jul 25 04:31:27 PDT 2019,Thu Jul 25 04:41:31 PDT 2019,Sun Jul 28 04:41:31 PDT 2019,Sun Jul 28 04:42:01 PDT 2019,,,604,100% (1/1),100% (1/1),100% (1/1),ZCgDVlkp5,,,5
3PUOXASB59VWQDKOQPUP43BBMTG9ZP,3D9FS1R54K7W66JIVXP45CG3ONJ31L,Artwork Image Annotation,Annotating objects of famous artworks,"segmentation, annotation, image, polygon",$0.10,Thu Jul 25 02:04:27 PDT 2019,20,BatchId:3715399;OriginalHitTemplateId:920937340;,1800,259200,Thu Aug 01 02:04:27 PDT 2019,,,3P4MQ7TPP04LJSUY8XXKXBUNAIGBB6,A16HYGH5YO5EAF,Approved,Thu Jul 25 06:48:25 PDT 2019,Thu Jul 25 07:07:43 PDT 2019,Sun Jul 28 07:07:43 PDT 2019,Sun Jul 28 07:08:01 PDT 2019,,,1158,100% (1/1),100% (1/1),100% (1/1),ZCgDVIkp6,,,6
3PUOXASB59VWQDKOQPUP43BBMTG9ZP,3D9FS1R54K7W66JIVXP45CG3ONJ31L,Artwork Image Annotation,Annotating objects of famous artworks,"segmentation, annotation, image, polygon",$0.10,Thu Jul 25 02:04:27 PDT 2019,20,BatchId:3715399;OriginalHitTemplateId:920937340;,1800,259200,Thu Aug 01 02:04:27 PDT 2019,,,3OB0CAO74KHRNDQVIHL0RXVMQ4NHYR,A1CJ8CLM7987EQ,Approved,Thu Jul 25 02:50:52 PDT 2019,Thu Jul 25 02:53:02 PDT 2019,Sun Jul 28 02:53:02 PDT 2019,Sun Jul 28 02:53:03 PDT 2019,,,130,100% (7/7),100% (7/7),100% (7/7),7CgDVlkp5,,,5
3PUOXASB59VWQDKOQPUP43BBMTG9ZP,3D9FS1R54K7W66JIVXP45CG3ONJ31L,Artwork Image Annotation,Annotating objects of famous artworks,"segmentation, annotation, image, polygon",$0.10,Thu Jul 25 02:04:27 PDT 2019,20,BatchId:3715399;OriginalHitTemplateId:920937340;,1800,259200,Thu Aug 01 02:04:27 PDT 2019,,,308Q0PEVBB5CI7T7GNB5SS3AH929IA,A1GUNTMI2Y61IW,Approved,Thu Jul 25 10:32:56 PDT 2019,Thu Jul 25 10:54:52 PDT 2019,Sun Jul 28 10:54:52 PDT 2019,Sun Jul 28 10:55:01 PDT 2019,,,1316,100% (2/2),100% (2/2),100% (2/2),ZCgDVlkp5,,,5
3PUOXASB59VWQDKOQPUP43BBMTG9ZP,3D9FS1R54K7W66JIVXP45CG3ONJ31L,Artwork Image Annotation,Annotating objects of famous artworks,"segmentation, annotation, image, polygon",$0.10,Thu Jul 25 02:04:27 PDT 2019,20,BatchId:3715399;OriginalHitTemplateId:920937340;,1800,259200,Thu Aug 01 02:04:27 PDT 2019,,,33FBRBDW6RRLRZOXJL95HTA4KXRC8B,A1IYWC3KVWMTYW,Approved,Thu Jul 25 06:19:07 PDT 2019,Thu Jul 25 06:19:20 PDT 2019,Sun Jul 28 06:19:20 PDT 2019,Sun Jul 28 06:20:01 PDT 2019,,,13,100% (8/8),100% (8/8),100% (8/8),zcgdvlkp10,,,10
3PUOXASB59VWQDKOQPUP43BBMTG9ZP,3D9FS1R54K7W66JIVXP45CG3ONJ31L,Artwork Image Annotation,Annotating objects of famous artworks,"segmentation, annotation, image, polygon",$0.10,Thu Jul 25 02:04:27 PDT 2019,20,BatchId:3715399;OriginalHitTemplateId:920937340;,1800,259200,Thu Aug 01 02:04:27 PDT 2019,,,3WI0P0II64K1EW97IQAGSGNRVQZRDC,A1ZV750GWIA00,Approved,Thu Jul 25 10:30:02 PDT 2019,Thu Jul 25 10:37:17 PDT 2019,Sun Jul 28 10:37:17 PDT 2019,Sun Jul 28 10:38:02 PDT 2019,,,435,100% (1/1),100% (1/1),100% (1/1),ZCgDVlkp7,,,7
3PUOXASB59VWQDKOQPUP43BBMTG9ZP,3D9FS1R54K7W66JIVXP45CG3ONJ31L,Artwork Image Annotation,Annotating objects of famous artworks,"segmentation, annotation, image, polygon",$0.10,Thu Jul 25 02:04:27 PDT 2019,20,BatchId:3715399;OriginalHitTemplateId:920937340;,1800,259200,Thu Aug 01 02:04:27 PDT 2019,,,3AUQQEL7U8LZ8JPUFYRVE6SBM6S0V8,A275STSZHFODG6,Approved,Thu Jul 25 05:24:44 PDT 2019,Thu Jul 25 05:24:48 PDT 2019,Sun Jul 28 05:24:48 PDT 2019,Sun Jul 28 05:25:01 PDT 2019,,,4,100% (8/8),100% (8/8),100% (8/8),5858,,,
3PUOXASB59VWQDKOQPUP43BBMTG9ZP,3D9FS1R54K7W66JIVXP45CG3ONJ31L,Artwork Image Annotation,Annotating objects of famous artworks,"segmentation, annotation, image, polygon",$0.10,Thu Jul 25 02:04:27 PDT 2019,20,BatchId:3715399;OriginalHitTemplateId:920937340;,1800,259200,Thu Aug 01 02:04:27 PDT 2019,,,3PPTZCWALTC45WZ3XTADEIWPNM6QZ8,A2CMKZJ3SOEM5Z,Approved,Thu Jul 25 10:07:19 PDT 2019,Thu Jul 25 10:07:27 PDT 2019,Sun Jul 28 10:07:27 PDT 2019,Sun Jul 28 10:08:01 PDT 2019,,,8,100% (5/5),100% (5/5),100% (5/5),7172050,,,
3PUOXASB59VWQDKOQPUP43BBMTG9ZP,3D9FS1R54K7W66JIVXP45CG3ONJ31L,Artwork Image Annotation,Annotating objects of famous artworks,"segmentation, annotation, image, polygon",$0.10,Thu Jul 25 02:04:27 PDT 2019,20,BatchId:3715399;OriginalHitTemplateId:920937340;,1800,259200,Thu Aug 01 02:04:27 PDT 2019,,,34HJIJKLP8OG777VYZEXQ9IO3HXV46,A2HC04434S9TP0,Approved,Thu Jul 25 02:18:31 PDT 2019,Thu Jul 25 02:26:19 PDT 2019,Sun Jul 28 02:26:19 PDT 2019,Sun Jul 28 02:27:01 PDT 2019,,,468,100% (8/8),100% (8/8),100% (8/8),ZCgDVlkp5,,,5
3PUOXASB59VWQDKOQPUP43BBMTG9ZP,3D9FS1R54K7W66JIVXP45CG3ONJ31L,Artwork Image Annotation,Annotating objects of famous artworks,"segmentation, annotation, image, polygon",$0.10,Thu Jul 25 02:04:27 PDT 2019,20,BatchId:3715399;OriginalHitTemplateId:920937340;,1800,259200,Thu Aug 01 02:04:27 PDT 2019,,,3W92K5RLWX9Y3QBVC4X7V1O23E5V5Q,A2NVNFIOKLEEGY,Approved,Thu Jul 25 06:08:32 PDT 2019,Thu Jul 25 06:12:24 PDT 2019,Sun Jul 28 06:12:24 PDT 2019,Sun Jul 28 06:13:01 PDT 2019,,,232,100% (8/8),100% (8/8),100% (8/8),ZCgDVlkp5,,,5
3PUOXASB59VWQDKOQPUP43BBMTG9ZP,3D9FS1R54K7W66JIVXP45CG3ONJ31L,Artwork Image Annotation,Annotating objects of famous artworks,"segmentation, annotation, image, polygon",$0.10,Thu Jul 25 02:04:27 PDT 2019,20,BatchId:3715399;OriginalHitTemplateId:920937340;,1800,259200,Thu Aug 01 02:04:27 PDT 2019,,,3KV0LJBBH5D4IQFKVJ9JB6AL43QMRM,A2OMYDY8G8PNJE,Approved,Thu Jul 25 07:06:26 PDT 2019,Thu Jul 25 07:16:15 PDT 2019,Sun Jul 28 07:16:15 PDT 2019,Sun Jul 28 07:17:01 PDT 2019,,,589,100% (4/4),100% (4/4),100% (4/4),ZCgDVlkp6,,,6
3PUOXASB59VWQDKOQPUP43BBMTG9ZP,3D9FS1R54K7W66JIVXP45CG3ONJ31L,Artwork Image Annotation,Annotating objects of famous artworks,"segmentation, annotation, image, polygon",$0.10,Thu Jul 25 02:04:27 PDT 2019,20,BatchId:3715399;OriginalHitTemplateId:920937340;,1800,259200,Thu Aug 01 02:04:27 PDT 2019,,,32KTQ2V7RG7YEQJY129XKLARYH9M9O,A396GA8SHS2L41,Approved,Thu Jul 25 05:17:04 PDT 2019,Thu Jul 25 05:31:18 PDT 2019,Sun Jul 28 05:31:18 PDT 2019,Sun Jul 28 05:32:01 PDT 2019,,,854,100% (4/4),100% (4/4),100% (4/4),ZCgDVlKp5,,,5
3PUOXASB59VWQDKOQPUP43BBMTG9ZP,3D9FS1R54K7W66JIVXP45CG3ONJ31L,Artwork Image Annotation,Annotating objects of famous artworks,"segmentation, annotation, image, polygon",$0.10,Thu Jul 25 02:04:27 PDT 2019,20,BatchId:3715399;OriginalHitTemplateId:920937340;,1800,259200,Thu Aug 01 02:04:27 PDT 2019,,,3O7L7BFSHHHTD3KOOYRRK64L84VIE2,A3KB2DY7SADI3Z,Approved,Thu Jul 25 02:04:37 PDT 2019,Thu Jul 25 02:26:45 PDT 2019,Sun Jul 28 02:26:45 PDT 2019,Sun Jul 28 02:27:02 PDT 2019,,,1328,100% (1/1),100% (1/1),100% (1/1),ZCgDVlkp16,,,16
3PUOXASB59VWQDKOQPUP43BBMTG9ZP,3D9FS1R54K7W66JIVXP45CG3ONJ31L,Artwork Image Annotation,Annotating objects of famous artworks,"segmentation, annotation, image, polygon",$0.10,Thu Jul 25 02:04:27 PDT 2019,20,BatchId:3715399;OriginalHitTemplateId:920937340;,1800,259200,Thu Aug 01 02:04:27 PDT 2019,,,37M28K1J0T5MI1NIQBA50OTU064JA6,A3NTSR7Z32TDOE,Approved,Thu Jul 25 09:47:41 PDT 2019,Thu Jul 25 10:11:39 PDT 2019,Sun Jul 28 10:11:39 PDT 2019,Sun Jul 28 10:12:01 PDT 2019,,,1438,100% (1/1),100% (1/1),100% (1/1),ZCgDVlkp8,,,8
3PUOXASB59VWQDKOQPUP43BBMTG9ZP,3D9FS1R54K7W66JIVXP45CG3ONJ31L,Artwork Image Annotation,Annotating objects of famous artworks,"segmentation, annotation, image, polygon",$0.10,Thu Jul 25 02:04:27 PDT 2019,20,BatchId:3715399;OriginalHitTemplateId:920937340;,1800,259200,Thu Aug 01 02:04:27 PDT 2019,,,3F0BG9B9MSFUUOKJ58ZO0K6SC1B7YZ,A3O9QZA6B3CY7U,Approved,Thu Jul 25 07:14:02 PDT 2019,Thu Jul 25 07:14:16 PDT 2019,Sun Jul 28 07:14:16 PDT 2019,Sun Jul 28 07:15:01 PDT 2019,,,14,100% (2/2),100% (2/2),100% (2/2),ZCgDVlKp5,,,5
3PUOXASB59VWQDKOQPUP43BBMTG9ZP,3D9FS1R54K7W66JIVXP45CG3ONJ31L,Artwork Image Annotation,Annotating objects of famous artworks,"segmentation, annotation, image, polygon",$0.10,Thu Jul 25 02:04:27 PDT 2019,20,BatchId:3715399;OriginalHitTemplateId:920937340;,1800,259200,Thu Aug 01 02:04:27 PDT 2019,,,3NOKK93PR40HXYI2SF10ZR6TGCQEET,A3T5KMP66GR9GC,Approved,Thu Jul 25 02:56:20 PDT 2019,Thu Jul 25 03:24:15 PDT 2019,Sun Jul 28 03:24:15 PDT 2019,Sun Jul 28 03:25:01 PDT 2019,,,1675,100% (1/1),100% (1/1),100% (1/1),ZCgDVIkp5,,,5
3PUOXASB59VWQDKOQPUP43BBMTG9ZP,3D9FS1R54K7W66JIVXP45CG3ONJ31L,Artwork Image Annotation,Annotating objects of famous artworks,"segmentation, annotation, image, polygon",$0.10,Thu Jul 25 02:04:27 PDT 2019,20,BatchId:3715399;OriginalHitTemplateId:920937340;,1800,259200,Thu Aug 01 02:04:27 PDT 2019,,,3VAR3R6G1STM0OL09QIWCT4L9B28OW,A3TAM79PCXOLXI,Approved,Thu Jul 25 04:18:58 PDT 2019,Thu Jul 25 04:26:14 PDT 2019,Sun Jul 28 04:26:14 PDT 2019,Sun Jul 28 04:27:01 PDT 2019,,,436,100% (7/7),100% (7/7),100% (7/7),ZCgDVlkp5,,,5
3PUOXASB59VWQDKOQPUP43BBMTG9ZP,3D9FS1R54K7W66JIVXP45CG3ONJ31L,Artwork Image Annotation,Annotating objects of famous artworks,"segmentation, annotation, image, polygon",$0.10,Thu Jul 25 02:04:27 PDT 2019,20,BatchId:3715399;OriginalHitTemplateId:920937340;,1800,259200,Thu Aug 01 02:04:27 PDT 2019,,,3HYA4D452UBH8W6IU6Q5F8I4VBY2FI,A3U4OZX2JOP1HD,Approved,Thu Jul 25 09:52:22 PDT 2019,Thu Jul 25 09:52:34 PDT 2019,Sun Jul 28 09:52:34 PDT 2019,Sun Jul 28 09:53:01 PDT 2019,,,12,100% (7/7),100% (7/7),100% (7/7),793452749,,,
3PUOXASB59VWQDKOQPUP43BBMTG9ZP,3D9FS1R54K7W66JIVXP45CG3ONJ31L,Artwork Image Annotation,Annotating objects of famous artworks,"segmentation, annotation, image, polygon",$0.10,Thu Jul 25 02:04:27 PDT 2019,20,BatchId:3715399;OriginalHitTemplateId:920937340;,1800,259200,Thu Aug 01 02:04:27 PDT 2019,,,3Z4XG4ZF4BJ9UXZSAH5SV6VELF38XX,AIN29LNXRARXY,Approved,Thu Jul 25 02:53:54 PDT 2019,Thu Jul 25 03:01:05 PDT 2019,Sun Jul 28 03:01:05 PDT 2019,Sun Jul 28 03:02:01 PDT 2019,,,431,100% (8/8),100% (8/8),100% (8/8),ZCgDVlkp5,,,5
3PUOXASB59VWQDKOQPUP43BBMTG9ZP,3D9FS1R54K7W66JIVXP45CG3ONJ31L,Artwork Image Annotation,Annotating objects of famous artworks,"segmentation, annotation, image, polygon",$0.10,Thu Jul 25 02:04:27 PDT 2019,20,BatchId:3715399;OriginalHitTemplateId:920937340;,1800,259200,Thu Aug 01 02:04:27 PDT 2019,,,31LVTDXBLA2KC8XZV784BTVW4Z9RL0,AOV97Z3YMKLAQ,Approved,Thu Jul 25 11:06:05 PDT 2019,Thu Jul 25 11:14:18 PDT 2019,Sun Jul 28 11:14:18 PDT 2019,Sun Jul 28 11:15:01 PDT 2019,,,493,100% (5/5),100% (5/5),100% (5/5),ZCgDVlkp5,,,5
37M4O367VLADQJJT8AREKLA0LTFM5U,3D9FS1R54K7W66JIVXP45CG3ONJ31L,Artwork Image Annotation,Annotating objects of famous artworks,"segmentation, annotation, image, polygon",$0.10,Thu Jul 25 02:04:40 PDT 2019,20,BatchId:3715400;OriginalHitTemplateId:920937340;,1800,259200,Thu Aug 01 02:04:40 PDT 2019,,,3018Q3ZVOLI3GP6VYGJE2FFLAMPARE,A2MOY7J4GG5CW8,Approved,Thu Jul 25 04:53:35 PDT 2019,Thu Jul 25 05:04:13 PDT 2019,Sun Jul 28 05:04:13 PDT 2019,Sun Jul 28 05:05:01 PDT 2019,,,638,100% (4/4),100% (4/4),100% (4/4),ZCgDVlkp5,,,5
37M4O367VLADQJJT8AREKLA0LTFM5U,3D9FS1R54K7W66JIVXP45CG3ONJ31L,Artwork Image Annotation,Annotating objects of famous artworks,"segmentation, annotation, image, polygon",$0.10,Thu Jul 25 02:04:40 PDT 2019,20,BatchId:3715400;OriginalHitTemplateId:920937340;,1800,259200,Thu Aug 01 02:04:40 PDT 2019,,,35GMH2SV3H939PVRMT4W4307KFFEOI,A2CMKZJ3SOEM5Z,Approved,Thu Jul 25 10:07:09 PDT 2019,Thu Jul 25 10:07:18 PDT 2019,Sun Jul 28 10:07:18 PDT 2019,Sun Jul 28 10:08:01 PDT 2019,,,9,100% (5/5),100% (5/5),100% (5/5),7172010,,,
37M4O367VLADQJJT8AREKLA0LTFM5U,3D9FS1R54K7W66JIVXP45CG3ONJ31L,Artwork Image Annotation,Annotating objects of famous artworks,"segmentation, annotation, image, polygon",$0.10,Thu Jul 25 02:04:40 PDT 2019,20,BatchId:3715400;OriginalHitTemplateId:920937340;,1800,259200,Thu Aug 01 02:04:40 PDT 2019,,,3634BBTX0RMLJHKKJ9BX2OPLK70FIB,A10EHIYN2UO2BC,Approved,Thu Jul 25 10:46:52 PDT 2019,Thu Jul 25 10:55:20 PDT 2019,Sun Jul 28 10:55:20 PDT 2019,Sun Jul 28 10:56:01 PDT 2019,,,508,100% (3/3),100% (3/3),100% (3/3),A10EHIYN2UO2BC,,,
37M4O367VLADQJJT8AREKLA0LTFM5U,3D9FS1R54K7W66JIVXP45CG3ONJ31L,Artwork Image Annotation,Annotating objects of famous artworks,"segmentation, annotation, image, polygon",$0.10,Thu Jul 25 02:04:40 PDT 2019,20,BatchId:3715400;OriginalHitTemplateId:920937340;,1800,259200,Thu Aug 01 02:04:40 PDT 2019,,,37XITHEISZ1R943TIUF58A59APVRCI,A1J6BOZEB8EADQ,Approved,Thu Jul 25 07:41:24 PDT 2019,Thu Jul 25 07:49:00 PDT 2019,Sun Jul 28 07:49:00 PDT 2019,Sun Jul 28 07:49:01 PDT 2019,,,456,100% (1/1),100% (1/1),100% (1/1),ZCgDVlkp5,,,5
37M4O367VLADQJJT8AREKLA0LTFM5U,3D9FS1R54K7W66JIVXP45CG3ONJ31L,Artwork Image Annotation,Annotating objects of famous artworks,"segmentation, annotation, image, polygon",$0.10,Thu Jul 25 02:04:40 PDT 2019,20,BatchId:3715400;OriginalHitTemplateId:920937340;,1800,259200,Thu Aug 01 02:04:40 PDT 2019,,,38F5OAUN5Q488TUUV8V0EKBPM5E7HG,A1CJ8CLM7987EQ,Approved,Thu Jul 25 02:43:46 PDT 2019,Thu Jul 25 02:48:21 PDT 2019,Sun Jul 28 02:48:21 PDT 2019,Sun Jul 28 02:49:02 PDT 2019,,,275,100% (7/7),100% (7/7),100% (7/7),7CgDVlkp5,,,5
37M4O367VLADQJJT8AREKLA0LTFM5U,3D9FS1R54K7W66JIVXP45CG3ONJ31L,Artwork Image Annotation,Annotating objects of famous artworks,"segmentation, annotation, image, polygon",$0.10,Thu Jul 25 02:04:40 PDT 2019,20,BatchId:3715400;OriginalHitTemplateId:920937340;,1800,259200,Thu Aug 01 02:04:40 PDT 2019,,,39U1BHVTDOJGCJK2TQ9ZFM2XSXN3TH,A2HC04434S9TP0,Approved,Thu Jul 25 02:53:54 PDT 2019,Thu Jul 25 02:58:51 PDT 2019,Sun Jul 28 02:58:51 PDT 2019,Sun Jul 28 02:59:02 PDT 2019,,,297,100% (8/8),100% (8/8),100% (8/8),ZCgDVlkp6,,,6
37M4O367VLADQJJT8AREKLA0LTFM5U,3D9FS1R54K7W66JIVXP45CG3ONJ31L,Artwork Image Annotation,Annotating objects of famous artworks,"segmentation, annotation, image, polygon",$0.10,Thu Jul 25 02:04:40 PDT 2019,20,BatchId:3715400;OriginalHitTemplateId:920937340;,1800,259200,Thu Aug 01 02:04:40 PDT 2019,,,3A9AA95ATZELY6EZQSO8P9ZKHQ25PD,A275STSZHFODG6,Approved,Thu Jul 25 05:24:19 PDT 2019,Thu Jul 25 05:24:23 PDT 2019,Sun Jul 28 05:24:23 PDT 2019,Sun Jul 28 05:25:01 PDT 2019,,,4,100% (8/8),100% (8/8),100% (8/8),5632,,,
37M4O367VLADQJJT8AREKLA0LTFM5U,3D9FS1R54K7W66JIVXP45CG3ONJ31L,Artwork Image Annotation,Annotating objects of famous artworks,"segmentation, annotation, image, polygon",$0.10,Thu Jul 25 02:04:40 PDT 2019,20,BatchId:3715400;OriginalHitTemplateId:920937340;,1800,259200,Thu Aug 01 02:04:40 PDT 2019,,,3BWI6RSP7J1WOJ3S57NUTHECUPME77,AD4JF27PRR61,Approved,Thu Jul 25 02:54:43 PDT 2019,Thu Jul 25 03:04:48 PDT 2019,Sun Jul 28 03:04:48 PDT 2019,Sun Jul 28 03:05:02 PDT 2019,,,605,100% (1/1),100% (1/1),100% (1/1),ZCgDVlkp5,,,5
37M4O367VLADQJJT8AREKLA0LTFM5U,3D9FS1R54K7W66JIVXP45CG3ONJ31L,Artwork Image Annotation,Annotating objects of famous artworks,"segmentation, annotation, image, polygon",$0.10,Thu Jul 25 02:04:40 PDT 2019,20,BatchId:3715400;OriginalHitTemplateId:920937340;,1800,259200,Thu Aug 01 02:04:40 PDT 2019,,,3HWRJOOET8UI7HNKTAL5O8A8H2YESR,A1O39KN3X6AEG7,Approved,Thu Jul 25 02:32:32 PDT 2019,Thu Jul 25 02:36:26 PDT 2019,Sun Jul 28 02:36:26 PDT 2019,Sun Jul 28 02:37:02 PDT 2019,,,234,100% (1/1),100% (1/1),100% (1/1),zcgdvlkp5,,,5
37M4O367VLADQJJT8AREKLA0LTFM5U,3D9FS1R54K7W66JIVXP45CG3ONJ31L,Artwork Image Annotation,Annotating objects of famous artworks,"segmentation, annotation, image, polygon",$0.10,Thu Jul 25 02:04:40 PDT 2019,20,BatchId:3715400;OriginalHitTemplateId:920937340;,1800,259200,Thu Aug 01 02:04:40 PDT 2019,,,3I2PTA7R3WM9G10HXS73R38CJB9QKY,A685WMI1QRZHE,Approved,Thu Jul 25 02:25:38 PDT 2019,Thu Jul 25 02:48:41 PDT 2019,Sun Jul 28 02:48:41 PDT 2019,Sun Jul 28 02:49:06 PDT 2019,,,1383,100% (1/1),100% (1/1),100% (1/1),ZCgDVlkp9,,,9
37M4O367VLADQJJT8AREKLA0LTFM5U,3D9FS1R54K7W66JIVXP45CG3ONJ31L,Artwork Image Annotation,Annotating objects of famous artworks,"segmentation, annotation, image, polygon",$0.10,Thu Jul 25 02:04:40 PDT 2019,20,BatchId:3715400;OriginalHitTemplateId:920937340;,1800,259200,Thu Aug 01 02:04:40 PDT 2019,,,3PDJHANYK88P4TGPCYQ886BTRU3H60,A396GA8SHS2L41,Approved,Thu Jul 25 05:31:59 PDT 2019,Thu Jul 25 05:49:27 PDT 2019,Sun Jul 28 05:49:27 PDT 2019,Sun Jul 28 05:50:01 PDT 2019,,,1048,100% (4/4),100% (4/4),100% (4/4),ZCgDVlKp7,,,7
37M4O367VLADQJJT8AREKLA0LTFM5U,3D9FS1R54K7W66JIVXP45CG3ONJ31L,Artwork Image Annotation,Annotating objects of famous artworks,"segmentation, annotation, image, polygon",$0.10,Thu Jul 25 02:04:40 PDT 2019,20,BatchId:3715400;OriginalHitTemplateId:920937340;,1800,259200,Thu Aug 01 02:04:40 PDT 2019,,,3PPTZCWALTC45WZ3XTADEIWPNLYZQ7,A1IYWC3KVWMTYW,Approved,Thu Jul 25 06:19:24 PDT 2019,Thu Jul 25 06:19:39 PDT 2019,Sun Jul 28 06:19:39 PDT 2019,Sun Jul 28 06:20:01 PDT 2019,,,15,100% (8/8),100% (8/8),100% (8/8),zcgdvlkp11,,,11
37M4O367VLADQJJT8AREKLA0LTFM5U,3D9FS1R54K7W66JIVXP45CG3ONJ31L,Artwork Image Annotation,Annotating objects of famous artworks,"segmentation, annotation, image, polygon",$0.10,Thu Jul 25 02:04:40 PDT 2019,20,BatchId:3715400;OriginalHitTemplateId:920937340;,1800,259200,Thu Aug 01 02:04:40 PDT 2019,,,3Q5C1WP23PTIHEVX5QDIODHMEAV154,A3KO36PYNA5IHQ,Approved,Thu Jul 25 05:09:16 PDT 2019,Thu Jul 25 05:23:17 PDT 2019,Sun Jul 28 05:23:17 PDT 2019,Sun Jul 28 05:24:01 PDT 2019,,,841,100% (1/1),100% (1/1),100% (1/1),ZCgDVIkp8,,,8
37M4O367VLADQJJT8AREKLA0LTFM5U,3D9FS1R54K7W66JIVXP45CG3ONJ31L,Artwork Image Annotation,Annotating objects of famous artworks,"segmentation, annotation, image, polygon",$0.10,Thu Jul 25 02:04:40 PDT 2019,20,BatchId:3715400;OriginalHitTemplateId:920937340;,1800,259200,Thu Aug 01 02:04:40 PDT 2019,,,3TPWUS5F8CTWH0KFHOPBV9DQ25MCWK,A3AW2HADUSB7JD,Approved,Thu Jul 25 08:45:47 PDT 2019,Thu Jul 25 08:56:00 PDT 2019,Sun Jul 28 08:56:00 PDT 2019,Sun Jul 28 08:56:06 PDT 2019,,,613,100% (1/1),100% (1/1),100% (1/1),ZCgDVlkp5,,,5
37M4O367VLADQJJT8AREKLA0LTFM5U,3D9FS1R54K7W66JIVXP45CG3ONJ31L,Artwork Image Annotation,Annotating objects of famous artworks,"segmentation, annotation, image, polygon",$0.10,Thu Jul 25 02:04:40 PDT 2019,20,BatchId:3715400;OriginalHitTemplateId:920937340;,1800,259200,Thu Aug 01 02:04:40 PDT 2019,,,3WLEIWSYHR91MSXOPWE5ITUHBP2H2K,A34CLFMP19G4NU,Approved,Thu Jul 25 05:45:25 PDT 2019,Thu Jul 25 05:53:44 PDT 2019,Sun Jul 28 05:53:44 PDT 2019,Sun Jul 28 05:54:01 PDT 2019,,,499,100% (1/1),100% (1/1),100% (1/1),ZCgDVlkp5,,,5
37M4O367VLADQJJT8AREKLA0LTFM5U,3D9FS1R54K7W66JIVXP45CG3ONJ31L,Artwork Image Annotation,Annotating objects of famous artworks,"segmentation, annotation, image, polygon",$0.10,Thu Jul 25 02:04:40 PDT 2019,20,BatchId:3715400;OriginalHitTemplateId:920937340;,1800,259200,Thu Aug 01 02:04:40 PDT 2019,,,3X1FV8S5J0JWJN0FT0GYZYFRTN9VGY,A3TAM79PCXOLXI,Approved,Thu Jul 25 03:34:17 PDT 2019,Thu Jul 25 03:48:21 PDT 2019,Sun Jul 28 03:48:21 PDT 2019,Sun Jul 28 03:49:01 PDT 2019,,,844,100% (7/7),100% (7/7),100% (7/7),ZCgDVlkp5,,,5
37M4O367VLADQJJT8AREKLA0LTFM5U,3D9FS1R54K7W66JIVXP45CG3ONJ31L,Artwork Image Annotation,Annotating objects of famous artworks,"segmentation, annotation, image, polygon",$0.10,Thu Jul 25 02:04:40 PDT 2019,20,BatchId:3715400;OriginalHitTemplateId:920937340;,1800,259200,Thu Aug 01 02:04:40 PDT 2019,,,3X65QVEQI3FG668GDAI9MYWA4XLLC1,AIN29LNXRARXY,Approved,Thu Jul 25 05:08:00 PDT 2019,Thu Jul 25 05:15:09 PDT 2019,Sun Jul 28 05:15:09 PDT 2019,Sun Jul 28 05:16:01 PDT 2019,,,429,100% (8/8),100% (8/8),100% (8/8),ZCgDVlkp5,,,5
37M4O367VLADQJJT8AREKLA0LTFM5U,3D9FS1R54K7W66JIVXP45CG3ONJ31L,Artwork Image Annotation,Annotating objects of famous artworks,"segmentation, annotation, image, polygon",$0.10,Thu Jul 25 02:04:40 PDT 2019,20,BatchId:3715400;OriginalHitTemplateId:920937340;,1800,259200,Thu Aug 01 02:04:40 PDT 2019,,,3YHH42UU5E7WCED01UPPRXU9V8H0LG,A5VCNIJMPAG5Z,Approved,Thu Jul 25 02:48:11 PDT 2019,Thu Jul 25 02:48:20 PDT 2019,Sun Jul 28 02:48:20 PDT 2019,Sun Jul 28 02:49:02 PDT 2019,,,9,100% (1/1),100% (1/1),100% (1/1),31097571,,,
37M4O367VLADQJJT8AREKLA0LTFM5U,3D9FS1R54K7W66JIVXP45CG3ONJ31L,Artwork Image Annotation,Annotating objects of famous artworks,"segmentation, annotation, image, polygon",$0.10,Thu Jul 25 02:04:40 PDT 2019,20,BatchId:3715400;OriginalHitTemplateId:920937340;,1800,259200,Thu Aug 01 02:04:40 PDT 2019,,,3Z4XG4ZF4BJ9UXZSAH5SV6VELFF8X9,A2NVNFIOKLEEGY,Approved,Thu Jul 25 06:12:54 PDT 2019,Thu Jul 25 06:16:33 PDT 2019,Sun Jul 28 06:16:33 PDT 2019,Sun Jul 28 06:17:01 PDT 2019,,,219,100% (8/8),100% (8/8),100% (8/8),ZCgDVlkp5,,,5
37M4O367VLADQJJT8AREKLA0LTFM5U,3D9FS1R54K7W66JIVXP45CG3ONJ31L,Artwork Image Annotation,Annotating objects of famous artworks,"segmentation, annotation, image, polygon",$0.10,Thu Jul 25 02:04:40 PDT 2019,20,BatchId:3715400;OriginalHitTemplateId:920937340;,1800,259200,Thu Aug 01 02:04:40 PDT 2019,,,3Z7ISHFUH3NYZSZ7BZTDSRBPTGJZ85,A3U4OZX2JOP1HD,Approved,Thu Jul 25 09:51:50 PDT 2019,Thu Jul 25 09:52:04 PDT 2019,Sun Jul 28 09:52:04 PDT 2019,Sun Jul 28 09:53:01 PDT 2019,,,14,100% (7/7),100% (7/7),100% (7/7),8903342300,,,